{
  "type": "FeatureCollection",
  "features": [
    {
      "type": "Feature",
      "geometry": {
        "type": "LineString",
        "coordinates": [
          [
            59.9187223,
            30.3303831
          ],
          [
            59.7230377,
            30.429679
          ]
        ]
      },
      "properties": {
        "segment_id": "SEG_AUTO_000001",
        "from_station_id": "RU.STN.Sankt-Peterburg-Vitebskiy",
        "to_station_id": "RU.STN.Tsarskoe_Selo",
        "geometry_source": "auto_combined_csv",
        "geometry_quality": "historic_approx",
        "is_current": null,
        "notes": "Auto-generated from ready_railways_from_afonina.csv"
      }
    },
    {
      "type": "Feature",
      "geometry": {
        "type": "LineString",
        "coordinates": [
          [
            59.7230377,
            30.429679
          ],
          [
            59.6940529,
            30.433916
          ]
        ]
      },
      "properties": {
        "segment_id": "SEG_AUTO_000002",
        "from_station_id": "RU.STN.Tsarskoe_Selo",
        "to_station_id": "RU.STN.Pavlovsk",
        "geometry_source": "auto_combined_csv",
        "geometry_quality": "historic_approx",
        "is_current": null,
        "notes": "Auto-generated from ready_railways_from_afonina.csv"
      }
    },
    {
      "type": "Feature",
      "geometry": {
        "type": "LineString",
        "coordinates": [
          [
            52.229722,
            21.009444
          ],
          [
            52.1103954,
            20.6234643
          ]
        ]
      },
      "properties": {
        "segment_id": "SEG_AUTO_000003",
        "from_station_id": "PL.STN.Warszawa_Wiedenska",
        "to_station_id": "PL.STN.Grodzisk_Mazowiecki",
        "geometry_source": "auto_combined_csv",
        "geometry_quality": "historic_approx",
        "is_current": null,
        "notes": "Auto-generated from ready_railways_from_afonina.csv"
      }
    },
    {
      "type": "Feature",
      "geometry": {
        "type": "LineString",
        "coordinates": [
          [
            52.1103954,
            20.6234643
          ],
          [
            51.9675655,
            20.1514729
          ]
        ]
      },
      "properties": {
        "segment_id": "SEG_AUTO_000004",
        "from_station_id": "PL.STN.Grodzisk_Mazowiecki",
        "to_station_id": "PL.STN.Skierniewice",
        "geometry_source": "auto_combined_csv",
        "geometry_quality": "historic_approx",
        "is_current": null,
        "notes": "Auto-generated from ready_railways_from_afonina.csv"
      }
    },
    {
      "type": "Feature",
      "geometry": {
        "type": "LineString",
        "coordinates": [
          [
            51.9675655,
            20.1514729
          ],
          [
            51.8182965,
            19.8865225
          ]
        ]
      },
      "properties": {
        "segment_id": "SEG_AUTO_000005",
        "from_station_id": "PL.STN.Skierniewice",
        "to_station_id": "PL.STN.Rogow",
        "geometry_source": "auto_combined_csv",
        "geometry_quality": "historic_approx",
        "is_current": null,
        "notes": "Auto-generated from ready_railways_from_afonina.csv"
      }
    },
    {
      "type": "Feature",
      "geometry": {
        "type": "LineString",
        "coordinates": [
          [
            51.9675655,
            20.1514729
          ],
          [
            52.10473,
            19.9556222
          ]
        ]
      },
      "properties": {
        "segment_id": "SEG_AUTO_000006",
        "from_station_id": "PL.STN.Skierniewice",
        "to_station_id": "PL.STN.Lowicz_Glowny",
        "geometry_source": "auto_combined_csv",
        "geometry_quality": "historic_approx",
        "is_current": null,
        "notes": "Auto-generated from ready_railways_from_afonina.csv"
      }
    },
    {
      "type": "Feature",
      "geometry": {
        "type": "LineString",
        "coordinates": [
          [
            51.8182965,
            19.8865225
          ],
          [
            51.4104653,
            19.6846413
          ]
        ]
      },
      "properties": {
        "segment_id": "SEG_AUTO_000007",
        "from_station_id": "PL.STN.Rogow",
        "to_station_id": "PL.STN.Piotrkow_Trybunalski",
        "geometry_source": "auto_combined_csv",
        "geometry_quality": "historic_approx",
        "is_current": null,
        "notes": "Auto-generated from ready_railways_from_afonina.csv"
      }
    },
    {
      "type": "Feature",
      "geometry": {
        "type": "LineString",
        "coordinates": [
          [
            51.4104653,
            19.6846413
          ],
          [
            50.8084279,
            19.1209688
          ]
        ]
      },
      "properties": {
        "segment_id": "SEG_AUTO_000008",
        "from_station_id": "PL.STN.Piotrkow_Trybunalski",
        "to_station_id": "PL.STN.Czestochowa",
        "geometry_source": "auto_combined_csv",
        "geometry_quality": "historic_approx",
        "is_current": null,
        "notes": "Auto-generated from ready_railways_from_afonina.csv"
      }
    },
    {
      "type": "Feature",
      "geometry": {
        "type": "LineString",
        "coordinates": [
          [
            59.9187223,
            30.3303831
          ],
          [
            59.7498001,
            30.6145245
          ]
        ]
      },
      "properties": {
        "segment_id": "SEG_AUTO_000009",
        "from_station_id": "RU.STN.Sankt-Peterburg-Vitebskiy",
        "to_station_id": "RU.STN.Kolpino",
        "geometry_source": "auto_combined_csv",
        "geometry_quality": "historic_approx",
        "is_current": null,
        "notes": "Auto-generated from ready_railways_from_afonina.csv"
      }
    },
    {
      "type": "Feature",
      "geometry": {
        "type": "LineString",
        "coordinates": [
          [
            50.8084279,
            19.1209688
          ],
          [
            50.3666487,
            19.2645359
          ]
        ]
      },
      "properties": {
        "segment_id": "SEG_AUTO_000010",
        "from_station_id": "PL.STN.Czestochowa",
        "to_station_id": "PL.STN.Dabrowa_Gornicza_Zabkowice",
        "geometry_source": "auto_combined_csv",
        "geometry_quality": "historic_approx",
        "is_current": null,
        "notes": "Auto-generated from ready_railways_from_afonina.csv"
      }
    },
    {
      "type": "Feature",
      "geometry": {
        "type": "LineString",
        "coordinates": [
          [
            50.3666487,
            19.2645359
          ],
          [
            50.2616765,
            19.2697409
          ]
        ]
      },
      "properties": {
        "segment_id": "SEG_AUTO_000011",
        "from_station_id": "PL.STN.Dabrowa_Gornicza_Zabkowice",
        "to_station_id": "PL.STN.Sosnowiec_Maczki",
        "geometry_source": "auto_combined_csv",
        "geometry_quality": "historic_approx",
        "is_current": null,
        "notes": "Auto-generated from ready_railways_from_afonina.csv"
      }
    },
    {
      "type": "Feature",
      "geometry": {
        "type": "LineString",
        "coordinates": [
          [
            56.8348155,
            35.8937442
          ],
          [
            57.5989987,
            34.5628057
          ]
        ]
      },
      "properties": {
        "segment_id": "SEG_AUTO_000012",
        "from_station_id": "RU.STN.Tver",
        "to_station_id": "RU.STN.Vokzal_Vyshniy_Volochek",
        "geometry_source": "auto_combined_csv",
        "geometry_quality": "historic_approx",
        "is_current": null,
        "notes": "Auto-generated from ready_railways_from_afonina.csv"
      }
    },
    {
      "type": "Feature",
      "geometry": {
        "type": "LineString",
        "coordinates": [
          [
            59.7498001,
            30.6145245
          ],
          [
            57.5989987,
            34.5628057
          ]
        ]
      },
      "properties": {
        "segment_id": "SEG_AUTO_000013",
        "from_station_id": "RU.STN.Kolpino",
        "to_station_id": "RU.STN.Vokzal_Vyshniy_Volochek",
        "geometry_source": "auto_combined_csv",
        "geometry_quality": "historic_approx",
        "is_current": null,
        "notes": "Auto-generated from ready_railways_from_afonina.csv"
      }
    },
    {
      "type": "Feature",
      "geometry": {
        "type": "LineString",
        "coordinates": [
          [
            56.8348155,
            35.8937442
          ],
          [
            55.7784041,
            37.6567616
          ]
        ]
      },
      "properties": {
        "segment_id": "SEG_AUTO_000014",
        "from_station_id": "RU.STN.Tver",
        "to_station_id": "RU.STN.Moscow_Yaroslavsky_railway_station",
        "geometry_source": "auto_combined_csv",
        "geometry_quality": "historic_approx",
        "is_current": null,
        "notes": "Auto-generated from ready_railways_from_afonina.csv"
      }
    },
    {
      "type": "Feature",
      "geometry": {
        "type": "LineString",
        "coordinates": [
          [
            59.9187223,
            30.3303831
          ],
          [
            59.5518636,
            30.1328612
          ]
        ]
      },
      "properties": {
        "segment_id": "SEG_AUTO_000015",
        "from_station_id": "RU.STN.Sankt-Peterburg-Vitebskiy",
        "to_station_id": "RU.STN.Gatchina-Varshavskaya",
        "geometry_source": "auto_combined_csv",
        "geometry_quality": "historic_approx",
        "is_current": null,
        "notes": "Auto-generated from ready_railways_from_afonina.csv"
      }
    },
    {
      "type": "Feature",
      "geometry": {
        "type": "LineString",
        "coordinates": [
          [
            59.5518636,
            30.1328612
          ],
          [
            58.7424721,
            29.8460639
          ]
        ]
      },
      "properties": {
        "segment_id": "SEG_AUTO_000016",
        "from_station_id": "RU.STN.Gatchina-Varshavskaya",
        "to_station_id": "RU.STN.Luga-1",
        "geometry_source": "auto_combined_csv",
        "geometry_quality": "historic_approx",
        "is_current": null,
        "notes": "Auto-generated from ready_railways_from_afonina.csv"
      }
    },
    {
      "type": "Feature",
      "geometry": {
        "type": "LineString",
        "coordinates": [
          [
            58.7424721,
            29.8460639
          ],
          [
            57.8066045,
            28.3646835
          ]
        ]
      },
      "properties": {
        "segment_id": "SEG_AUTO_000017",
        "from_station_id": "RU.STN.Luga-1",
        "to_station_id": "RU.STN.Pskov-Passazhirskiy",
        "geometry_source": "auto_combined_csv",
        "geometry_quality": "historic_approx",
        "is_current": null,
        "notes": "Auto-generated from ready_railways_from_afonina.csv"
      }
    },
    {
      "type": "Feature",
      "geometry": {
        "type": "LineString",
        "coordinates": [
          [
            59.823073,
            30.1808396
          ],
          [
            59.7323365,
            30.103424
          ]
        ]
      },
      "properties": {
        "segment_id": "SEG_AUTO_000018",
        "from_station_id": "RU.STN.Ligovo",
        "to_station_id": "RU.STN.Krasnoe_Selo",
        "geometry_source": "auto_combined_csv",
        "geometry_quality": "historic_approx",
        "is_current": null,
        "notes": "Auto-generated from ready_railways_from_afonina.csv"
      }
    },
    {
      "type": "Feature",
      "geometry": {
        "type": "LineString",
        "coordinates": [
          [
            50.3666487,
            19.2645359
          ],
          [
            50.2788915,
            19.1264252
          ]
        ]
      },
      "properties": {
        "segment_id": "SEG_AUTO_000019",
        "from_station_id": "PL.STN.Dabrowa_Gornicza_Zabkowice",
        "to_station_id": "PL.STN.Sosnowiec_Glowny",
        "geometry_source": "auto_combined_csv",
        "geometry_quality": "historic_approx",
        "is_current": null,
        "notes": "Auto-generated from ready_railways_from_afonina.csv"
      }
    },
    {
      "type": "Feature",
      "geometry": {
        "type": "LineString",
        "coordinates": [
          [
            57.8066045,
            28.3646835
          ],
          [
            57.3544374,
            28.3168595
          ]
        ]
      },
      "properties": {
        "segment_id": "SEG_AUTO_000020",
        "from_station_id": "RU.STN.Pskov-Passazhirskiy",
        "to_station_id": "RU.STN.Ostrov",
        "geometry_source": "auto_combined_csv",
        "geometry_quality": "historic_approx",
        "is_current": null,
        "notes": "Auto-generated from ready_railways_from_afonina.csv"
      }
    },
    {
      "type": "Feature",
      "geometry": {
        "type": "LineString",
        "coordinates": [
          [
            57.3544374,
            28.3168595
          ],
          [
            54.6411488,
            22.7593479
          ]
        ]
      },
      "properties": {
        "segment_id": "SEG_AUTO_000021",
        "from_station_id": "RU.STN.Ostrov",
        "to_station_id": "LT.STN.Kybartai",
        "geometry_source": "auto_combined_csv",
        "geometry_quality": "historic_approx",
        "is_current": null,
        "notes": "Auto-generated from ready_railways_from_afonina.csv"
      }
    },
    {
      "type": "Feature",
      "geometry": {
        "type": "LineString",
        "coordinates": [
          [
            54.886228,
            23.9317431
          ],
          [
            54.6411488,
            22.7593479
          ]
        ]
      },
      "properties": {
        "segment_id": "SEG_AUTO_000022",
        "from_station_id": "LT.STN.Kaunas",
        "to_station_id": "LT.STN.Kybartai",
        "geometry_source": "auto_combined_csv",
        "geometry_quality": "historic_approx",
        "is_current": null,
        "notes": "Auto-generated from ready_railways_from_afonina.csv"
      }
    },
    {
      "type": "Feature",
      "geometry": {
        "type": "LineString",
        "coordinates": [
          [
            47.7271732,
            40.1981405
          ],
          [
            47.2532522,
            39.8766287
          ]
        ]
      },
      "properties": {
        "segment_id": "SEG_AUTO_000023",
        "from_station_id": "RU.STN.Shakhtnaya",
        "to_station_id": "RU.STN.Aksay",
        "geometry_source": "auto_combined_csv",
        "geometry_quality": "historic_approx",
        "is_current": null,
        "notes": "Auto-generated from ready_railways_from_afonina.csv"
      }
    },
    {
      "type": "Feature",
      "geometry": {
        "type": "LineString",
        "coordinates": [
          [
            55.7784041,
            37.6567616
          ],
          [
            56.1295984,
            40.4198825
          ]
        ]
      },
      "properties": {
        "segment_id": "SEG_AUTO_000024",
        "from_station_id": "RU.STN.Moscow_Yaroslavsky_railway_station",
        "to_station_id": "RU.STN.Vladimir",
        "geometry_source": "auto_combined_csv",
        "geometry_quality": "historic_approx",
        "is_current": null,
        "notes": "Auto-generated from ready_railways_from_afonina.csv"
      }
    },
    {
      "type": "Feature",
      "geometry": {
        "type": "LineString",
        "coordinates": [
          [
            56.9604267,
            24.0930377
          ],
          [
            55.8747094,
            26.5282348
          ]
        ]
      },
      "properties": {
        "segment_id": "SEG_AUTO_000025",
        "from_station_id": "EE.STN.Riga",
        "to_station_id": "LV.STN.Daugavpils",
        "geometry_source": "auto_combined_csv",
        "geometry_quality": "historic_approx",
        "is_current": null,
        "notes": "Auto-generated from ready_railways_from_afonina.csv"
      }
    },
    {
      "type": "Feature",
      "geometry": {
        "type": "LineString",
        "coordinates": [
          [
            52.10473,
            19.9556222
          ],
          [
            52.2270939,
            19.348144
          ]
        ]
      },
      "properties": {
        "segment_id": "SEG_AUTO_000026",
        "from_station_id": "PL.STN.Lowicz_Glowny",
        "to_station_id": "PL.STN.Kutno",
        "geometry_source": "auto_combined_csv",
        "geometry_quality": "historic_approx",
        "is_current": null,
        "notes": "Auto-generated from ready_railways_from_afonina.csv"
      }
    },
    {
      "type": "Feature",
      "geometry": {
        "type": "LineString",
        "coordinates": [
          [
            56.9604267,
            24.0930377
          ],
          [
            55.8747094,
            26.5282348
          ]
        ]
      },
      "properties": {
        "segment_id": "SEG_AUTO_000027",
        "from_station_id": "EE.STN.Riga",
        "to_station_id": "LV.STN.Daugavpils",
        "geometry_source": "auto_combined_csv",
        "geometry_quality": "historic_approx",
        "is_current": null,
        "notes": "Auto-generated from ready_railways_from_afonina.csv"
      }
    },
    {
      "type": "Feature",
      "geometry": {
        "type": "LineString",
        "coordinates": [
          [
            59.443955,
            24.7700461
          ],
          [
            54.886228,
            23.9317431
          ]
        ]
      },
      "properties": {
        "segment_id": "SEG_AUTO_000028",
        "from_station_id": "EE.STN.Tallinn",
        "to_station_id": "LT.STN.Kaunas",
        "geometry_source": "auto_combined_csv",
        "geometry_quality": "historic_approx",
        "is_current": null,
        "notes": "Auto-generated from ready_railways_from_afonina.csv"
      }
    },
    {
      "type": "Feature",
      "geometry": {
        "type": "LineString",
        "coordinates": [
          [
            48.6942,
            44.5087
          ],
          [
            48.6923418,
            43.4990838
          ]
        ]
      },
      "properties": {
        "segment_id": "SEG_AUTO_000029",
        "from_station_id": "RU.STN.Volzhskaya",
        "to_station_id": "RU.STN.Donskaya",
        "geometry_source": "auto_combined_csv",
        "geometry_quality": "historic_approx",
        "is_current": null,
        "notes": "Auto-generated from ready_railways_from_afonina.csv"
      }
    },
    {
      "type": "Feature",
      "geometry": {
        "type": "LineString",
        "coordinates": [
          [
            55.7784041,
            37.6567616
          ],
          [
            55.0993195,
            38.7811203
          ]
        ]
      },
      "properties": {
        "segment_id": "SEG_AUTO_000030",
        "from_station_id": "RU.STN.Moscow_Yaroslavsky_railway_station",
        "to_station_id": "RU.STN.Kolomna",
        "geometry_source": "auto_combined_csv",
        "geometry_quality": "historic_approx",
        "is_current": null,
        "notes": "Auto-generated from ready_railways_from_afonina.csv"
      }
    },
    {
      "type": "Feature",
      "geometry": null,
      "properties": {
        "segment_id": "SEG_AUTO_000031",
        "from_station_id": "RU.STN.Moscow_Yaroslavsky_railway_station",
        "to_station_id": "RU.STN.Sergiev_Posad",
        "geometry_source": "",
        "geometry_quality": "",
        "is_current": null,
        "notes": "Auto-generated from ready_railways_from_afonina.csv"
      }
    },
    {
      "type": "Feature",
      "geometry": {
        "type": "LineString",
        "coordinates": [
          [
            56.1295984,
            40.4198825
          ],
          [
            56.3213788,
            43.9433976
          ]
        ]
      },
      "properties": {
        "segment_id": "SEG_AUTO_000032",
        "from_station_id": "RU.STN.Vladimir",
        "to_station_id": "RU.STN.Nizhniy_Novgorod-Moskovskiy",
        "geometry_source": "auto_combined_csv",
        "geometry_quality": "historic_approx",
        "is_current": null,
        "notes": "Auto-generated from ready_railways_from_afonina.csv"
      }
    },
    {
      "type": "Feature",
      "geometry": {
        "type": "LineString",
        "coordinates": [
          [
            52.2270939,
            19.348144
          ],
          [
            52.8758646,
            18.6963912
          ]
        ]
      },
      "properties": {
        "segment_id": "SEG_AUTO_000033",
        "from_station_id": "PL.STN.Kutno",
        "to_station_id": "PL.STN.Aleksandrow_Kujawski",
        "geometry_source": "auto_combined_csv",
        "geometry_quality": "historic_approx",
        "is_current": null,
        "notes": "Auto-generated from ready_railways_from_afonina.csv"
      }
    },
    {
      "type": "Feature",
      "geometry": {
        "type": "LineString",
        "coordinates": [
          [
            60.1720965,
            24.9412486
          ],
          [
            61.0025615,
            24.4783279
          ]
        ]
      },
      "properties": {
        "segment_id": "SEG_AUTO_000034",
        "from_station_id": "FI.STN.Helsinki",
        "to_station_id": "FI.STN.Hameenlinna",
        "geometry_source": "auto_combined_csv",
        "geometry_quality": "historic_approx",
        "is_current": null,
        "notes": "Auto-generated from ready_railways_from_afonina.csv"
      }
    },
    {
      "type": "Feature",
      "geometry": {
        "type": "LineString",
        "coordinates": [
          [
            55.0993195,
            38.7811203
          ],
          [
            54.6337015,
            39.713368
          ]
        ]
      },
      "properties": {
        "segment_id": "SEG_AUTO_000035",
        "from_station_id": "RU.STN.Kolomna",
        "to_station_id": "RU.STN.Ryazan-1",
        "geometry_source": "auto_combined_csv",
        "geometry_quality": "historic_approx",
        "is_current": null,
        "notes": "Auto-generated from ready_railways_from_afonina.csv"
      }
    },
    {
      "type": "Feature",
      "geometry": {
        "type": "LineString",
        "coordinates": [
          [
            46.4663909,
            30.7403656
          ],
          [
            47.7500196,
            29.5286062
          ]
        ]
      },
      "properties": {
        "segment_id": "SEG_AUTO_000036",
        "from_station_id": "UA.STN.Odesa-Holovna",
        "to_station_id": "UA.STN.Podilsk",
        "geometry_source": "auto_combined_csv",
        "geometry_quality": "historic_approx",
        "is_current": null,
        "notes": "Auto-generated from ready_railways_from_afonina.csv"
      }
    },
    {
      "type": "Feature",
      "geometry": {
        "type": "LineString",
        "coordinates": [
          [
            46.8503034,
            30.0737425
          ],
          [
            46.7541252,
            30.0027278
          ]
        ]
      },
      "properties": {
        "segment_id": "SEG_AUTO_000037",
        "from_station_id": "UA.STN.Rozdilna-1",
        "to_station_id": "UA.STN.Kuchurgan",
        "geometry_source": "auto_combined_csv",
        "geometry_quality": "historic_approx",
        "is_current": null,
        "notes": "Auto-generated from ready_railways_from_afonina.csv"
      }
    },
    {
      "type": "Feature",
      "geometry": {
        "type": "LineString",
        "coordinates": [
          [
            47.8090742,
            29.514413
          ],
          [
            47.8743769,
            29.6249684
          ]
        ]
      },
      "properties": {
        "segment_id": "SEG_AUTO_000038",
        "from_station_id": "UA.STN.Poberezhzhia",
        "to_station_id": "UA.STN.Balta",
        "geometry_source": "auto_combined_csv",
        "geometry_quality": "historic_approx",
        "is_current": null,
        "notes": "Auto-generated from ready_railways_from_afonina.csv"
      }
    },
    {
      "type": "Feature",
      "geometry": {
        "type": "LineString",
        "coordinates": [
          [
            46.4555905,
            30.7139727
          ],
          [
            46.4857247,
            30.7484149
          ]
        ]
      },
      "properties": {
        "segment_id": "SEG_AUTO_000039",
        "from_station_id": "UA.STN.Odesa-Tovarna",
        "to_station_id": "UA.STN.Odesa-Port",
        "geometry_source": "auto_combined_csv",
        "geometry_quality": "historic_approx",
        "is_current": null,
        "notes": "Auto-generated from ready_railways_from_afonina.csv"
      }
    },
    {
      "type": "Feature",
      "geometry": {
        "type": "LineString",
        "coordinates": [
          [
            51.7438471,
            19.8181765
          ],
          [
            51.757822,
            19.4305417
          ]
        ]
      },
      "properties": {
        "segment_id": "SEG_AUTO_000040",
        "from_station_id": "PL.STN.Koluszki",
        "to_station_id": "PL.STN.Lodz_Kaliska",
        "geometry_source": "auto_combined_csv",
        "geometry_quality": "historic_approx",
        "is_current": null,
        "notes": "Auto-generated from ready_railways_from_afonina.csv"
      }
    },
    {
      "type": "Feature",
      "geometry": {
        "type": "LineString",
        "coordinates": [
          [
            56.9604267,
            24.0930377
          ],
          [
            55.8747094,
            26.5282348
          ]
        ]
      },
      "properties": {
        "segment_id": "SEG_AUTO_000041",
        "from_station_id": "EE.STN.Riga",
        "to_station_id": "LV.STN.Daugavpils",
        "geometry_source": "auto_combined_csv",
        "geometry_quality": "historic_approx",
        "is_current": null,
        "notes": "Auto-generated from ready_railways_from_afonina.csv"
      }
    },
    {
      "type": "Feature",
      "geometry": {
        "type": "LineString",
        "coordinates": [
          [
            52.2515889,
            21.0523678
          ],
          [
            52.1617935,
            22.2719159
          ]
        ]
      },
      "properties": {
        "segment_id": "SEG_AUTO_000042",
        "from_station_id": "PL.STN.Warszawa_Dworzec_Terespolski",
        "to_station_id": "PL.STN.Siedlce",
        "geometry_source": "auto_combined_csv",
        "geometry_quality": "historic_approx",
        "is_current": null,
        "notes": "Auto-generated from ready_railways_from_afonina.csv"
      }
    },
    {
      "type": "Feature",
      "geometry": {
        "type": "LineString",
        "coordinates": [
          [
            54.6337015,
            39.713368
          ],
          [
            52.8985082,
            40.4965544
          ]
        ]
      },
      "properties": {
        "segment_id": "SEG_AUTO_000043",
        "from_station_id": "RU.STN.Ryazan-1",
        "to_station_id": "RU.STN.Michurinsk-Uralskiy",
        "geometry_source": "auto_combined_csv",
        "geometry_quality": "historic_approx",
        "is_current": null,
        "notes": "Auto-generated from ready_railways_from_afonina.csv"
      }
    },
    {
      "type": "Feature",
      "geometry": {
        "type": "LineString",
        "coordinates": [
          [
            55.4919367,
            28.7820402
          ],
          [
            55.1950281,
            30.1846145
          ]
        ]
      },
      "properties": {
        "segment_id": "SEG_AUTO_000044",
        "from_station_id": "BY.STN.Polatsk",
        "to_station_id": "BY.STN.Vitebsk",
        "geometry_source": "auto_combined_csv",
        "geometry_quality": "historic_approx",
        "is_current": null,
        "notes": "Auto-generated from ready_railways_from_afonina.csv"
      }
    },
    {
      "type": "Feature",
      "geometry": {
        "type": "LineString",
        "coordinates": [
          [
            52.1617935,
            22.2719159
          ],
          [
            51.9404823,
            22.3928588
          ]
        ]
      },
      "properties": {
        "segment_id": "SEG_AUTO_000045",
        "from_station_id": "PL.STN.Siedlce",
        "to_station_id": "PL.STN.Lukow",
        "geometry_source": "auto_combined_csv",
        "geometry_quality": "historic_approx",
        "is_current": null,
        "notes": "Auto-generated from ready_railways_from_afonina.csv"
      }
    },
    {
      "type": "Feature",
      "geometry": {
        "type": "LineString",
        "coordinates": [
          [
            55.7784041,
            37.6567616
          ],
          [
            54.9347142,
            37.4518444
          ]
        ]
      },
      "properties": {
        "segment_id": "SEG_AUTO_000046",
        "from_station_id": "RU.STN.Moscow_Yaroslavsky_railway_station",
        "to_station_id": "RU.STN.Serpukhov",
        "geometry_source": "auto_combined_csv",
        "geometry_quality": "historic_approx",
        "is_current": null,
        "notes": "Auto-generated from ready_railways_from_afonina.csv"
      }
    },
    {
      "type": "Feature",
      "geometry": {
        "type": "LineString",
        "coordinates": [
          [
            52.8758646,
            18.6963912
          ],
          [
            52.88121,
            18.788678
          ]
        ]
      },
      "properties": {
        "segment_id": "SEG_AUTO_000047",
        "from_station_id": "PL.STN.Aleksandrow_Kujawski",
        "to_station_id": "PL.STN.Ciechocinek",
        "geometry_source": "auto_combined_csv",
        "geometry_quality": "historic_approx",
        "is_current": null,
        "notes": "Auto-generated from ready_railways_from_afonina.csv"
      }
    },
    {
      "type": "Feature",
      "geometry": {
        "type": "LineString",
        "coordinates": [
          [
            51.9404823,
            22.3928588
          ],
          [
            51.9760347,
            22.7855957
          ]
        ]
      },
      "properties": {
        "segment_id": "SEG_AUTO_000048",
        "from_station_id": "PL.STN.Lukow",
        "to_station_id": "PL.STN.Miedzyrzec_Podlaski",
        "geometry_source": "auto_combined_csv",
        "geometry_quality": "historic_approx",
        "is_current": null,
        "notes": "Auto-generated from ready_railways_from_afonina.csv"
      }
    },
    {
      "type": "Feature",
      "geometry": {
        "type": "LineString",
        "coordinates": [
          [
            46.7541252,
            30.0027278
          ],
          [
            46.8476247,
            29.629596
          ]
        ]
      },
      "properties": {
        "segment_id": "SEG_AUTO_000049",
        "from_station_id": "UA.STN.Kuchurgan",
        "to_station_id": "MD.STN.Tiraspol",
        "geometry_source": "auto_combined_csv",
        "geometry_quality": "historic_approx",
        "is_current": null,
        "notes": "Auto-generated from ready_railways_from_afonina.csv"
      }
    },
    {
      "type": "Feature",
      "geometry": {
        "type": "LineString",
        "coordinates": [
          [
            47.8743769,
            29.6249684
          ],
          [
            48.0413483,
            30.8514678
          ]
        ]
      },
      "properties": {
        "segment_id": "SEG_AUTO_000050",
        "from_station_id": "UA.STN.Balta",
        "to_station_id": "UA.STN.Holta",
        "geometry_source": "auto_combined_csv",
        "geometry_quality": "historic_approx",
        "is_current": null,
        "notes": "Auto-generated from ready_railways_from_afonina.csv"
      }
    },
    {
      "type": "Feature",
      "geometry": {
        "type": "LineString",
        "coordinates": [
          [
            51.9760347,
            22.7855957
          ],
          [
            52.0742776,
            23.6015831
          ]
        ]
      },
      "properties": {
        "segment_id": "SEG_AUTO_000051",
        "from_station_id": "PL.STN.Miedzyrzec_Podlaski",
        "to_station_id": "PL.STN.Terespol",
        "geometry_source": "auto_combined_csv",
        "geometry_quality": "historic_approx",
        "is_current": null,
        "notes": "Auto-generated from ready_railways_from_afonina.csv"
      }
    },
    {
      "type": "Feature",
      "geometry": {
        "type": "LineString",
        "coordinates": [
          [
            54.9347142,
            37.4518444
          ],
          [
            54.2091789,
            37.6286642
          ]
        ]
      },
      "properties": {
        "segment_id": "SEG_AUTO_000052",
        "from_station_id": "RU.STN.Serpukhov",
        "to_station_id": "RU.STN.Tula-Vyazemskaya-1",
        "geometry_source": "auto_combined_csv",
        "geometry_quality": "historic_approx",
        "is_current": null,
        "notes": "Auto-generated from ready_railways_from_afonina.csv"
      }
    },
    {
      "type": "Feature",
      "geometry": {
        "type": "LineString",
        "coordinates": [
          [
            53.7093937,
            40.1041078
          ],
          [
            53.4415028,
            41.765826
          ]
        ]
      },
      "properties": {
        "segment_id": "SEG_AUTO_000053",
        "from_station_id": "RU.STN.Ryazhsk_I",
        "to_station_id": "RU.STN.Morshansk-1",
        "geometry_source": "auto_combined_csv",
        "geometry_quality": "historic_approx",
        "is_current": null,
        "notes": "Auto-generated from ready_railways_from_afonina.csv"
      }
    },
    {
      "type": "Feature",
      "geometry": {
        "type": "LineString",
        "coordinates": [
          [
            46.4857247,
            30.7484149
          ],
          [
            46.5942789,
            30.7862474
          ]
        ]
      },
      "properties": {
        "segment_id": "SEG_AUTO_000054",
        "from_station_id": "UA.STN.Odesa-Port",
        "to_station_id": "UA.STN.Odessa-Skhidna",
        "geometry_source": "auto_combined_csv",
        "geometry_quality": "historic_approx",
        "is_current": null,
        "notes": "Auto-generated from ready_railways_from_afonina.csv"
      }
    },
    {
      "type": "Feature",
      "geometry": {
        "type": "LineString",
        "coordinates": [
          [
            52.6059442,
            38.5257454
          ],
          [
            52.4945181,
            39.9463943
          ]
        ]
      },
      "properties": {
        "segment_id": "SEG_AUTO_000055",
        "from_station_id": "RU.STN.Elets",
        "to_station_id": "RU.STN.Gryazi-Voronezhskie",
        "geometry_source": "auto_combined_csv",
        "geometry_quality": "historic_approx",
        "is_current": null,
        "notes": "Auto-generated from ready_railways_from_afonina.csv"
      }
    },
    {
      "type": "Feature",
      "geometry": {
        "type": "LineString",
        "coordinates": [
          [
            48.0413483,
            30.8514678
          ],
          [
            48.1174969,
            31.5254285
          ]
        ]
      },
      "properties": {
        "segment_id": "SEG_AUTO_000056",
        "from_station_id": "UA.STN.Holta",
        "to_station_id": "UA.STN.Kropivnitska",
        "geometry_source": "auto_combined_csv",
        "geometry_quality": "historic_approx",
        "is_current": null,
        "notes": "Auto-generated from ready_railways_from_afonina.csv"
      }
    },
    {
      "type": "Feature",
      "geometry": {
        "type": "LineString",
        "coordinates": [
          [
            48.7103874,
            32.689763
          ],
          [
            48.1174969,
            31.5254285
          ]
        ]
      },
      "properties": {
        "segment_id": "SEG_AUTO_000057",
        "from_station_id": "UA.STN.Znamyanka-Passazhyrska",
        "to_station_id": "UA.STN.Kropivnitska",
        "geometry_source": "auto_combined_csv",
        "geometry_quality": "historic_approx",
        "is_current": null,
        "notes": "Auto-generated from ready_railways_from_afonina.csv"
      }
    },
    {
      "type": "Feature",
      "geometry": {
        "type": "LineString",
        "coordinates": [
          [
            56.3624839,
            41.0751153
          ],
          [
            57.0178157,
            40.9800828
          ]
        ]
      },
      "properties": {
        "segment_id": "SEG_AUTO_000058",
        "from_station_id": "RU.STN.Novki_1",
        "to_station_id": "RU.STN.Ivanovo",
        "geometry_source": "auto_combined_csv",
        "geometry_quality": "historic_approx",
        "is_current": null,
        "notes": "Auto-generated from ready_railways_from_afonina.csv"
      }
    },
    {
      "type": "Feature",
      "geometry": {
        "type": "LineString",
        "coordinates": [
          [
            56.3624839,
            41.0751153
          ],
          [
            57.0178157,
            40.9800828
          ]
        ]
      },
      "properties": {
        "segment_id": "SEG_AUTO_000059",
        "from_station_id": "RU.STN.Novki_1",
        "to_station_id": "RU.STN.Ivanovo",
        "geometry_source": "auto_combined_csv",
        "geometry_quality": "historic_approx",
        "is_current": null,
        "notes": "Auto-generated from ready_railways_from_afonina.csv"
      }
    },
    {
      "type": "Feature",
      "geometry": {
        "type": "LineString",
        "coordinates": [
          [
            54.2091789,
            37.6286642
          ],
          [
            51.7498104,
            36.2286115
          ]
        ]
      },
      "properties": {
        "segment_id": "SEG_AUTO_000060",
        "from_station_id": "RU.STN.Tula-Vyazemskaya-1",
        "to_station_id": "RU.STN.Kursk",
        "geometry_source": "auto_combined_csv",
        "geometry_quality": "historic_approx",
        "is_current": null,
        "notes": "Auto-generated from ready_railways_from_afonina.csv"
      }
    },
    {
      "type": "Feature",
      "geometry": {
        "type": "LineString",
        "coordinates": [
          [
            55.1950281,
            30.1846145
          ],
          [
            53.9541212,
            32.874764
          ]
        ]
      },
      "properties": {
        "segment_id": "SEG_AUTO_000061",
        "from_station_id": "BY.STN.Vitebsk",
        "to_station_id": "RU.STN.Roslavl_1",
        "geometry_source": "auto_combined_csv",
        "geometry_quality": "historic_approx",
        "is_current": null,
        "notes": "Auto-generated from ready_railways_from_afonina.csv"
      }
    },
    {
      "type": "Feature",
      "geometry": {
        "type": "LineString",
        "coordinates": [
          [
            53.9541212,
            32.874764
          ],
          [
            52.9792652,
            36.1121037
          ]
        ]
      },
      "properties": {
        "segment_id": "SEG_AUTO_000062",
        "from_station_id": "RU.STN.Roslavl_1",
        "to_station_id": "RU.STN.Orel",
        "geometry_source": "auto_combined_csv",
        "geometry_quality": "historic_approx",
        "is_current": null,
        "notes": "Auto-generated from ready_railways_from_afonina.csv"
      }
    },
    {
      "type": "Feature",
      "geometry": {
        "type": "LineString",
        "coordinates": [
          [
            52.9792652,
            36.1121037
          ],
          [
            52.9792652,
            36.1121037
          ]
        ]
      },
      "properties": {
        "segment_id": "SEG_AUTO_000063",
        "from_station_id": "RU.STN.Orel",
        "to_station_id": "RU.STN.Orel",
        "geometry_source": "auto_combined_csv",
        "geometry_quality": "historic_approx",
        "is_current": null,
        "notes": "Auto-generated from ready_railways_from_afonina.csv"
      }
    },
    {
      "type": "Feature",
      "geometry": {
        "type": "LineString",
        "coordinates": [
          [
            56.9334049,
            24.0896948
          ],
          [
            56.6419657,
            23.7352555
          ]
        ]
      },
      "properties": {
        "segment_id": "SEG_AUTO_000064",
        "from_station_id": "LV.STN.Torakalns",
        "to_station_id": "LV.STN.Jelgava",
        "geometry_source": "auto_combined_csv",
        "geometry_quality": "historic_approx",
        "is_current": null,
        "notes": "Auto-generated from ready_railways_from_afonina.csv"
      }
    },
    {
      "type": "Feature",
      "geometry": {
        "type": "LineString",
        "coordinates": [
          [
            51.7498104,
            36.2286115
          ],
          [
            51.1700269,
            34.2243969
          ]
        ]
      },
      "properties": {
        "segment_id": "SEG_AUTO_000065",
        "from_station_id": "RU.STN.Kursk",
        "to_station_id": "UA.STN.Vorozhba",
        "geometry_source": "auto_combined_csv",
        "geometry_quality": "historic_approx",
        "is_current": null,
        "notes": "Auto-generated from ready_railways_from_afonina.csv"
      }
    },
    {
      "type": "Feature",
      "geometry": {
        "type": "LineString",
        "coordinates": [
          [
            51.1700269,
            34.2243969
          ],
          [
            50.5143973,
            30.8137269
          ]
        ]
      },
      "properties": {
        "segment_id": "SEG_AUTO_000066",
        "from_station_id": "UA.STN.Vorozhba",
        "to_station_id": "UA.STN.Brovary",
        "geometry_source": "auto_combined_csv",
        "geometry_quality": "historic_approx",
        "is_current": null,
        "notes": "Auto-generated from ready_railways_from_afonina.csv"
      }
    },
    {
      "type": "Feature",
      "geometry": {
        "type": "LineString",
        "coordinates": [
          [
            51.7498104,
            36.2286115
          ],
          [
            49.9895079,
            36.203278
          ]
        ]
      },
      "properties": {
        "segment_id": "SEG_AUTO_000067",
        "from_station_id": "RU.STN.Kursk",
        "to_station_id": "UA.STN.Kharkiv-Pasazhyrskyi",
        "geometry_source": "auto_combined_csv",
        "geometry_quality": "historic_approx",
        "is_current": null,
        "notes": "Auto-generated from ready_railways_from_afonina.csv"
      }
    },
    {
      "type": "Feature",
      "geometry": {
        "type": "LineString",
        "coordinates": [
          [
            50.5143973,
            30.8137269
          ],
          [
            50.416389,
            30.585833
          ]
        ]
      },
      "properties": {
        "segment_id": "SEG_AUTO_000068",
        "from_station_id": "UA.STN.Brovary",
        "to_station_id": "UA.STN.Dnepr",
        "geometry_source": "auto_combined_csv",
        "geometry_quality": "historic_approx",
        "is_current": null,
        "notes": "Auto-generated from ready_railways_from_afonina.csv"
      }
    },
    {
      "type": "Feature",
      "geometry": {
        "type": "LineString",
        "coordinates": [
          [
            52.8985082,
            40.4965544
          ],
          [
            51.6799428,
            39.2061186
          ]
        ]
      },
      "properties": {
        "segment_id": "SEG_AUTO_000069",
        "from_station_id": "RU.STN.Michurinsk-Uralskiy",
        "to_station_id": "RU.STN.Voronezh_1",
        "geometry_source": "auto_combined_csv",
        "geometry_quality": "historic_approx",
        "is_current": null,
        "notes": "Auto-generated from ready_railways_from_afonina.csv"
      }
    },
    {
      "type": "Feature",
      "geometry": {
        "type": "LineString",
        "coordinates": [
          [
            49.0366969,
            33.4335275
          ],
          [
            48.7103874,
            32.689763
          ]
        ]
      },
      "properties": {
        "segment_id": "SEG_AUTO_000070",
        "from_station_id": "UA.STN.Kryukv-na-Dnpr",
        "to_station_id": "UA.STN.Znamyanka-Passazhyrska",
        "geometry_source": "auto_combined_csv",
        "geometry_quality": "historic_approx",
        "is_current": null,
        "notes": "Auto-generated from ready_railways_from_afonina.csv"
      }
    },
    {
      "type": "Feature",
      "geometry": {
        "type": "LineString",
        "coordinates": [
          [
            52.8985082,
            40.4965544
          ],
          [
            52.7172141,
            41.427383
          ]
        ]
      },
      "properties": {
        "segment_id": "SEG_AUTO_000071",
        "from_station_id": "RU.STN.Michurinsk-Uralskiy",
        "to_station_id": "RU.STN.Tambov-1",
        "geometry_source": "auto_combined_csv",
        "geometry_quality": "historic_approx",
        "is_current": null,
        "notes": "Auto-generated from ready_railways_from_afonina.csv"
      }
    },
    {
      "type": "Feature",
      "geometry": {
        "type": "LineString",
        "coordinates": [
          [
            47.2176332,
            39.6907722
          ],
          [
            48.3117804,
            38.0443051
          ]
        ]
      },
      "properties": {
        "segment_id": "SEG_AUTO_000072",
        "from_station_id": "RU.STN.Rostov-Glavnyy",
        "to_station_id": "UA.STN.Horlivska",
        "geometry_source": "auto_combined_csv",
        "geometry_quality": "historic_approx",
        "is_current": null,
        "notes": "Auto-generated from ready_railways_from_afonina.csv"
      }
    },
    {
      "type": "Feature",
      "geometry": {
        "type": "LineString",
        "coordinates": [
          [
            49.9895079,
            36.203278
          ],
          [
            48.8913652,
            36.3189782
          ]
        ]
      },
      "properties": {
        "segment_id": "SEG_AUTO_000073",
        "from_station_id": "UA.STN.Kharkiv-Pasazhyrskyi",
        "to_station_id": "UA.STN.Lozova-1",
        "geometry_source": "auto_combined_csv",
        "geometry_quality": "historic_approx",
        "is_current": null,
        "notes": "Auto-generated from ready_railways_from_afonina.csv"
      }
    },
    {
      "type": "Feature",
      "geometry": {
        "type": "LineString",
        "coordinates": [
          [
            48.8913652,
            36.3189782
          ],
          [
            48.3117804,
            38.0443051
          ]
        ]
      },
      "properties": {
        "segment_id": "SEG_AUTO_000074",
        "from_station_id": "UA.STN.Lozova-1",
        "to_station_id": "UA.STN.Horlivska",
        "geometry_source": "auto_combined_csv",
        "geometry_quality": "historic_approx",
        "is_current": null,
        "notes": "Auto-generated from ready_railways_from_afonina.csv"
      }
    },
    {
      "type": "Feature",
      "geometry": {
        "type": "LineString",
        "coordinates": [
          [
            52.4945181,
            39.9463943
          ],
          [
            51.3568347,
            42.0915982
          ]
        ]
      },
      "properties": {
        "segment_id": "SEG_AUTO_000075",
        "from_station_id": "RU.STN.Gryazi-Voronezhskie",
        "to_station_id": "RU.STN.Borisoglebsk",
        "geometry_source": "auto_combined_csv",
        "geometry_quality": "historic_approx",
        "is_current": null,
        "notes": "Auto-generated from ready_railways_from_afonina.csv"
      }
    },
    {
      "type": "Feature",
      "geometry": {
        "type": "LineString",
        "coordinates": [
          [
            50.1658122,
            23.1257623
          ],
          [
            52.1004334,
            23.6804112
          ]
        ]
      },
      "properties": {
        "segment_id": "SEG_AUTO_000076",
        "from_station_id": "PL.STN.Lubaczow",
        "to_station_id": "BY.STN.Brest-Zentralny",
        "geometry_source": "auto_combined_csv",
        "geometry_quality": "historic_approx",
        "is_current": null,
        "notes": "Auto-generated from ready_railways_from_afonina.csv"
      }
    },
    {
      "type": "Feature",
      "geometry": {
        "type": "LineString",
        "coordinates": [
          [
            56.3021734,
            38.1371689
          ],
          [
            57.625402,
            39.8349726
          ]
        ]
      },
      "properties": {
        "segment_id": "SEG_AUTO_000077",
        "from_station_id": "RU.STN.Sergiyev_Posad",
        "to_station_id": "RU.STN.Yaroslavl-Glavnyy",
        "geometry_source": "auto_combined_csv",
        "geometry_quality": "historic_approx",
        "is_current": null,
        "notes": "Auto-generated from ready_railways_from_afonina.csv"
      }
    },
    {
      "type": "Feature",
      "geometry": {
        "type": "LineString",
        "coordinates": [
          [
            52.9792652,
            36.1121037
          ],
          [
            52.6026864,
            38.2773175
          ]
        ]
      },
      "properties": {
        "segment_id": "SEG_AUTO_000078",
        "from_station_id": "RU.STN.Orel",
        "to_station_id": "RU.STN.Kazaki",
        "geometry_source": "auto_combined_csv",
        "geometry_quality": "historic_approx",
        "is_current": null,
        "notes": "Auto-generated from ready_railways_from_afonina.csv"
      }
    },
    {
      "type": "Feature",
      "geometry": {
        "type": "LineString",
        "coordinates": [
          [
            49.0345312,
            28.1115461
          ],
          [
            49.8895725,
            28.6131692
          ]
        ]
      },
      "properties": {
        "segment_id": "SEG_AUTO_000079",
        "from_station_id": "UA.STN.Zhmerynka",
        "to_station_id": "UA.STN.Berdychiv",
        "geometry_source": "auto_combined_csv",
        "geometry_quality": "historic_approx",
        "is_current": null,
        "notes": "Auto-generated from ready_railways_from_afonina.csv"
      }
    },
    {
      "type": "Feature",
      "geometry": {
        "type": "LineString",
        "coordinates": [
          [
            52.6026864,
            38.2773175
          ],
          [
            52.6059442,
            38.5257454
          ]
        ]
      },
      "properties": {
        "segment_id": "SEG_AUTO_000080",
        "from_station_id": "RU.STN.Kazaki",
        "to_station_id": "RU.STN.Elets",
        "geometry_source": "auto_combined_csv",
        "geometry_quality": "historic_approx",
        "is_current": null,
        "notes": "Auto-generated from ready_railways_from_afonina.csv"
      }
    },
    {
      "type": "Feature",
      "geometry": {
        "type": "LineString",
        "coordinates": [
          [
            47.7500196,
            29.5286062
          ],
          [
            49.0345312,
            28.1115461
          ]
        ]
      },
      "properties": {
        "segment_id": "SEG_AUTO_000081",
        "from_station_id": "UA.STN.Podilsk",
        "to_station_id": "UA.STN.Zhmerynka",
        "geometry_source": "auto_combined_csv",
        "geometry_quality": "historic_approx",
        "is_current": null,
        "notes": "Auto-generated from ready_railways_from_afonina.csv"
      }
    },
    {
      "type": "Feature",
      "geometry": {
        "type": "LineString",
        "coordinates": [
          [
            52.7172141,
            41.427383
          ],
          [
            52.564389,
            42.9653513
          ]
        ]
      },
      "properties": {
        "segment_id": "SEG_AUTO_000082",
        "from_station_id": "RU.STN.Tambov-1",
        "to_station_id": "RU.STN.Umet",
        "geometry_source": "auto_combined_csv",
        "geometry_quality": "historic_approx",
        "is_current": null,
        "notes": "Auto-generated from ready_railways_from_afonina.csv"
      }
    },
    {
      "type": "Feature",
      "geometry": {
        "type": "LineString",
        "coordinates": [
          [
            49.0677957,
            33.4282669
          ],
          [
            49.581976,
            34.5954183
          ]
        ]
      },
      "properties": {
        "segment_id": "SEG_AUTO_000083",
        "from_station_id": "UA.STN.Kremenchuk",
        "to_station_id": "UA.STN.Poltava-Pivdenna",
        "geometry_source": "auto_combined_csv",
        "geometry_quality": "historic_approx",
        "is_current": null,
        "notes": "Auto-generated from ready_railways_from_afonina.csv"
      }
    },
    {
      "type": "Feature",
      "geometry": {
        "type": "LineString",
        "coordinates": [
          [
            55.7784041,
            37.6567616
          ],
          [
            54.7983928,
            32.0344681
          ]
        ]
      },
      "properties": {
        "segment_id": "SEG_AUTO_000084",
        "from_station_id": "RU.STN.Moscow_Yaroslavsky_railway_station",
        "to_station_id": "RU.STN.Smolensk-Tsentralnyy",
        "geometry_source": "auto_combined_csv",
        "geometry_quality": "historic_approx",
        "is_current": null,
        "notes": "Auto-generated from ready_railways_from_afonina.csv"
      }
    },
    {
      "type": "Feature",
      "geometry": {
        "type": "LineString",
        "coordinates": [
          [
            59.9058,
            30.2992276
          ],
          [
            59.5445273,
            30.8819136
          ]
        ]
      },
      "properties": {
        "segment_id": "SEG_AUTO_000085",
        "from_station_id": "RU.STN.Sankt-Peterburg-Baltiyskiy",
        "to_station_id": "RU.STN.Tosno",
        "geometry_source": "auto_combined_csv",
        "geometry_quality": "historic_approx",
        "is_current": null,
        "notes": "Auto-generated from ready_railways_from_afonina.csv"
      }
    },
    {
      "type": "Feature",
      "geometry": {
        "type": "LineString",
        "coordinates": [
          [
            59.9058,
            30.2992276
          ],
          [
            59.9093,
            30.2376
          ]
        ]
      },
      "properties": {
        "segment_id": "SEG_AUTO_000086",
        "from_station_id": "RU.STN.Sankt-Peterburg-Baltiyskiy",
        "to_station_id": "MOCK.RU.STN.konec_glavnogo_puti_baltiyskiy_port",
        "geometry_source": "auto_combined_csv",
        "geometry_quality": "historic_approx",
        "is_current": null,
        "notes": "Auto-generated from ready_railways_from_afonina.csv"
      }
    },
    {
      "type": "Feature",
      "geometry": {
        "type": "LineString",
        "coordinates": [
          [
            55.3126099,
            38.7030527
          ],
          [
            55.3748566,
            39.0319092
          ]
        ]
      },
      "properties": {
        "segment_id": "SEG_AUTO_000087",
        "from_station_id": "RU.STN.Voskresensk",
        "to_station_id": "RU.STN.Egorevsk_I",
        "geometry_source": "auto_combined_csv",
        "geometry_quality": "historic_approx",
        "is_current": null,
        "notes": "Auto-generated from ready_railways_from_afonina.csv"
      }
    },
    {
      "type": "Feature",
      "geometry": {
        "type": "LineString",
        "coordinates": [
          [
            54.9824691,
            39.0418827
          ],
          [
            54.7685607,
            38.883185
          ]
        ]
      },
      "properties": {
        "segment_id": "SEG_AUTO_000088",
        "from_station_id": "RU.STN.Lukhovitsy",
        "to_station_id": "RU.STN.Zaraysk",
        "geometry_source": "auto_combined_csv",
        "geometry_quality": "historic_approx",
        "is_current": null,
        "notes": "Auto-generated from ready_railways_from_afonina.csv"
      }
    },
    {
      "type": "Feature",
      "geometry": {
        "type": "LineString",
        "coordinates": [
          [
            53.8250267,
            39.5761152
          ],
          [
            53.7093937,
            40.1041078
          ]
        ]
      },
      "properties": {
        "segment_id": "SEG_AUTO_000089",
        "from_station_id": "RU.STN.Skopin",
        "to_station_id": "RU.STN.Ryazhsk_I",
        "geometry_source": "auto_combined_csv",
        "geometry_quality": "historic_approx",
        "is_current": null,
        "notes": "Auto-generated from ready_railways_from_afonina.csv"
      }
    },
    {
      "type": "Feature",
      "geometry": {
        "type": "LineString",
        "coordinates": [
          [
            51.3568347,
            42.0915982
          ],
          [
            50.5380244,
            42.6712711
          ]
        ]
      },
      "properties": {
        "segment_id": "SEG_AUTO_000090",
        "from_station_id": "RU.STN.Borisoglebsk",
        "to_station_id": "RU.STN.Filonovo",
        "geometry_source": "auto_combined_csv",
        "geometry_quality": "historic_approx",
        "is_current": null,
        "notes": "Auto-generated from ready_railways_from_afonina.csv"
      }
    },
    {
      "type": "Feature",
      "geometry": {
        "type": "LineString",
        "coordinates": [
          [
            60.7353461,
            24.781958
          ],
          [
            59.9187223,
            30.3303831
          ]
        ]
      },
      "properties": {
        "segment_id": "SEG_AUTO_000091",
        "from_station_id": "FI.STN.Riihimaki",
        "to_station_id": "RU.STN.Sankt-Peterburg-Vitebskiy",
        "geometry_source": "auto_combined_csv",
        "geometry_quality": "historic_approx",
        "is_current": null,
        "notes": "Auto-generated from ready_railways_from_afonina.csv"
      }
    },
    {
      "type": "Feature",
      "geometry": {
        "type": "LineString",
        "coordinates": [
          [
            56.3962274,
            38.7015984
          ],
          [
            56.5966106,
            39.0207262
          ]
        ]
      },
      "properties": {
        "segment_id": "SEG_AUTO_000092",
        "from_station_id": "RU.STN.Aleksandrov-1",
        "to_station_id": "RU.STN.Berendeevo",
        "geometry_source": "auto_combined_csv",
        "geometry_quality": "historic_approx",
        "is_current": null,
        "notes": "Auto-generated from ready_railways_from_afonina.csv"
      }
    },
    {
      "type": "Feature",
      "geometry": {
        "type": "LineString",
        "coordinates": [
          [
            56.5966106,
            39.0207262
          ],
          [
            57.3069059,
            39.5368617
          ]
        ]
      },
      "properties": {
        "segment_id": "SEG_AUTO_000093",
        "from_station_id": "RU.STN.Berendeevo",
        "to_station_id": "RU.STN.Semibratovo",
        "geometry_source": "auto_combined_csv",
        "geometry_quality": "historic_approx",
        "is_current": null,
        "notes": "Auto-generated from ready_railways_from_afonina.csv"
      }
    },
    {
      "type": "Feature",
      "geometry": {
        "type": "LineString",
        "coordinates": [
          [
            57.3069059,
            39.5368617
          ],
          [
            57.625402,
            39.8349726
          ]
        ]
      },
      "properties": {
        "segment_id": "SEG_AUTO_000094",
        "from_station_id": "RU.STN.Semibratovo",
        "to_station_id": "RU.STN.Yaroslavl-Glavnyy",
        "geometry_source": "auto_combined_csv",
        "geometry_quality": "historic_approx",
        "is_current": null,
        "notes": "Auto-generated from ready_railways_from_afonina.csv"
      }
    },
    {
      "type": "Feature",
      "geometry": {
        "type": "LineString",
        "coordinates": [
          [
            52.564389,
            42.9653513
          ],
          [
            51.8777329,
            45.0105422
          ]
        ]
      },
      "properties": {
        "segment_id": "SEG_AUTO_000095",
        "from_station_id": "RU.STN.Umet",
        "to_station_id": "RU.STN.Atkarsk",
        "geometry_source": "auto_combined_csv",
        "geometry_quality": "historic_approx",
        "is_current": null,
        "notes": "Auto-generated from ready_railways_from_afonina.csv"
      }
    },
    {
      "type": "Feature",
      "geometry": {
        "type": "LineString",
        "coordinates": [
          [
            57.0178157,
            40.9800828
          ],
          [
            57.4414053,
            42.1447851
          ]
        ]
      },
      "properties": {
        "segment_id": "SEG_AUTO_000096",
        "from_station_id": "RU.STN.Ivanovo",
        "to_station_id": "RU.STN.Kineshma",
        "geometry_source": "auto_combined_csv",
        "geometry_quality": "historic_approx",
        "is_current": null,
        "notes": "Auto-generated from ready_railways_from_afonina.csv"
      }
    },
    {
      "type": "Feature",
      "geometry": {
        "type": "LineString",
        "coordinates": [
          [
            52.8134871,
            37.2370594
          ],
          [
            52.4280978,
            37.5987363
          ]
        ]
      },
      "properties": {
        "segment_id": "SEG_AUTO_000097",
        "from_station_id": "RU.STN.Verkhove",
        "to_station_id": "RU.STN.Livny-1",
        "geometry_source": "auto_combined_csv",
        "geometry_quality": "historic_approx",
        "is_current": null,
        "notes": "Auto-generated from ready_railways_from_afonina.csv"
      }
    },
    {
      "type": "Feature",
      "geometry": {
        "type": "LineString",
        "coordinates": [
          [
            59.1229823,
            31.6777883
          ],
          [
            58.5267442,
            31.2502224
          ]
        ]
      },
      "properties": {
        "segment_id": "SEG_AUTO_000098",
        "from_station_id": "RU.STN.Chudovo-Moskovskoe",
        "to_station_id": "RU.STN.Velikiy_Novgorod",
        "geometry_source": "auto_combined_csv",
        "geometry_quality": "historic_approx",
        "is_current": null,
        "notes": "Auto-generated from ready_railways_from_afonina.csv"
      }
    },
    {
      "type": "Feature",
      "geometry": {
        "type": "LineString",
        "coordinates": [
          [
            49.9895079,
            36.203278
          ],
          [
            49.581976,
            34.5954183
          ]
        ]
      },
      "properties": {
        "segment_id": "SEG_AUTO_000099",
        "from_station_id": "UA.STN.Kharkiv-Pasazhyrskyi",
        "to_station_id": "UA.STN.Poltava-Pivdenna",
        "geometry_source": "auto_combined_csv",
        "geometry_quality": "historic_approx",
        "is_current": null,
        "notes": "Auto-generated from ready_railways_from_afonina.csv"
      }
    },
    {
      "type": "Feature",
      "geometry": {
        "type": "LineString",
        "coordinates": [
          [
            50.5380244,
            42.6712711
          ],
          [
            48.712854,
            44.5133104
          ]
        ]
      },
      "properties": {
        "segment_id": "SEG_AUTO_000100",
        "from_station_id": "RU.STN.Filonovo",
        "to_station_id": "RU.STN.Volgograd_1",
        "geometry_source": "auto_combined_csv",
        "geometry_quality": "historic_approx",
        "is_current": null,
        "notes": "Auto-generated from ready_railways_from_afonina.csv"
      }
    },
    {
      "type": "Feature",
      "geometry": {
        "type": "LineString",
        "coordinates": [
          [
            51.8777329,
            45.0105422
          ],
          [
            51.5265865,
            45.9911299
          ]
        ]
      },
      "properties": {
        "segment_id": "SEG_AUTO_000101",
        "from_station_id": "RU.STN.Atkarsk",
        "to_station_id": "RU.STN.Saratov_II",
        "geometry_source": "auto_combined_csv",
        "geometry_quality": "historic_approx",
        "is_current": null,
        "notes": "Auto-generated from ready_railways_from_afonina.csv"
      }
    },
    {
      "type": "Feature",
      "geometry": {
        "type": "LineString",
        "coordinates": [
          [
            50.9729831,
            42.3595913
          ],
          [
            50.798334,
            42.0065467
          ]
        ]
      },
      "properties": {
        "segment_id": "SEG_AUTO_000102",
        "from_station_id": "RU.STN.Aleksikovo",
        "to_station_id": "RU.STN.Uryupino",
        "geometry_source": "auto_combined_csv",
        "geometry_quality": "historic_approx",
        "is_current": null,
        "notes": "Auto-generated from ready_railways_from_afonina.csv"
      }
    },
    {
      "type": "Feature",
      "geometry": {
        "type": "LineString",
        "coordinates": [
          [
            42.1507702,
            41.6791554
          ],
          [
            42.107972,
            43.0390879
          ]
        ]
      },
      "properties": {
        "segment_id": "SEG_AUTO_000103",
        "from_station_id": "GE.STN.Poti",
        "to_station_id": "GE.STN.Zestafoni",
        "geometry_source": "auto_combined_csv",
        "geometry_quality": "historic_approx",
        "is_current": null,
        "notes": "Auto-generated from ready_railways_from_afonina.csv"
      }
    },
    {
      "type": "Feature",
      "geometry": {
        "type": "LineString",
        "coordinates": [
          [
            46.8476247,
            29.629596
          ],
          [
            47.013054,
            28.8602002
          ]
        ]
      },
      "properties": {
        "segment_id": "SEG_AUTO_000104",
        "from_station_id": "MD.STN.Tiraspol",
        "to_station_id": "MD.STN.Chisinau",
        "geometry_source": "auto_combined_csv",
        "geometry_quality": "historic_approx",
        "is_current": null,
        "notes": "Auto-generated from ready_railways_from_afonina.csv"
      }
    },
    {
      "type": "Feature",
      "geometry": {
        "type": "LineString",
        "coordinates": [
          [
            49.0345312,
            28.1115461
          ],
          [
            49.5323083,
            26.2084599
          ]
        ]
      },
      "properties": {
        "segment_id": "SEG_AUTO_000105",
        "from_station_id": "UA.STN.Zhmerynka",
        "to_station_id": "UA.STN.Volochysk",
        "geometry_source": "auto_combined_csv",
        "geometry_quality": "historic_approx",
        "is_current": null,
        "notes": "Auto-generated from ready_railways_from_afonina.csv"
      }
    },
    {
      "type": "Feature",
      "geometry": {
        "type": "LineString",
        "coordinates": [
          [
            54.8632112,
            24.4607189
          ],
          [
            56.5241733,
            21.0165584
          ]
        ]
      },
      "properties": {
        "segment_id": "SEG_AUTO_000106",
        "from_station_id": "LT.STN.Kaishiadorys",
        "to_station_id": "LV.STN.Liepja",
        "geometry_source": "auto_combined_csv",
        "geometry_quality": "historic_approx",
        "is_current": null,
        "notes": "Auto-generated from ready_railways_from_afonina.csv"
      }
    },
    {
      "type": "Feature",
      "geometry": {
        "type": "LineString",
        "coordinates": [
          [
            54.7983928,
            32.0344681
          ],
          [
            52.1004334,
            23.6804112
          ]
        ]
      },
      "properties": {
        "segment_id": "SEG_AUTO_000107",
        "from_station_id": "RU.STN.Smolensk-Tsentralnyy",
        "to_station_id": "BY.STN.Brest-Zentralny",
        "geometry_source": "auto_combined_csv",
        "geometry_quality": "historic_approx",
        "is_current": null,
        "notes": "Auto-generated from ready_railways_from_afonina.csv"
      }
    },
    {
      "type": "Feature",
      "geometry": {
        "type": "LineString",
        "coordinates": [
          [
            51.7284636,
            39.2672322
          ],
          [
            47.7271732,
            40.1981405
          ]
        ]
      },
      "properties": {
        "segment_id": "SEG_AUTO_000108",
        "from_station_id": "RU.STN.Otrozhka",
        "to_station_id": "RU.STN.Shakhtnaya",
        "geometry_source": "auto_combined_csv",
        "geometry_quality": "historic_approx",
        "is_current": null,
        "notes": "Auto-generated from ready_railways_from_afonina.csv"
      }
    },
    {
      "type": "Feature",
      "geometry": {
        "type": "LineString",
        "coordinates": [
          [
            57.6557961,
            39.9337255
          ],
          [
            58.1866522,
            40.1859078
          ]
        ]
      },
      "properties": {
        "segment_id": "SEG_AUTO_000109",
        "from_station_id": "RU.STN.Filino-1",
        "to_station_id": "RU.STN.Danilov",
        "geometry_source": "auto_combined_csv",
        "geometry_quality": "historic_approx",
        "is_current": null,
        "notes": "Auto-generated from ready_railways_from_afonina.csv"
      }
    },
    {
      "type": "Feature",
      "geometry": {
        "type": "LineString",
        "coordinates": [
          [
            51.5265865,
            45.9911299
          ],
          [
            51.5049187,
            45.9830965
          ]
        ]
      },
      "properties": {
        "segment_id": "SEG_AUTO_000110",
        "from_station_id": "RU.STN.Saratov_II",
        "to_station_id": "RU.STN.Saratov-Port",
        "geometry_source": "auto_combined_csv",
        "geometry_quality": "historic_approx",
        "is_current": null,
        "notes": "Auto-generated from ready_railways_from_afonina.csv"
      }
    },
    {
      "type": "Feature",
      "geometry": {
        "type": "LineString",
        "coordinates": [
          [
            48.1217816,
            37.8454052
          ],
          [
            47.8367359,
            37.6509447
          ]
        ]
      },
      "properties": {
        "segment_id": "SEG_AUTO_000111",
        "from_station_id": "UA.STN.Yasinuvata-Pasazhirska",
        "to_station_id": "UA.STN.Olenvka",
        "geometry_source": "auto_combined_csv",
        "geometry_quality": "historic_approx",
        "is_current": null,
        "notes": "Auto-generated from ready_railways_from_afonina.csv"
      }
    },
    {
      "type": "Feature",
      "geometry": {
        "type": "LineString",
        "coordinates": [
          [
            49.2252253,
            31.800741
          ],
          [
            48.1217816,
            37.8454052
          ]
        ]
      },
      "properties": {
        "segment_id": "SEG_AUTO_000112",
        "from_station_id": "UA.STN.Kostiantynivka",
        "to_station_id": "UA.STN.Yasinuvata-Pasazhirska",
        "geometry_source": "auto_combined_csv",
        "geometry_quality": "historic_approx",
        "is_current": null,
        "notes": "Auto-generated from ready_railways_from_afonina.csv"
      }
    },
    {
      "type": "Feature",
      "geometry": {
        "type": "LineString",
        "coordinates": [
          [
            49.0677957,
            33.4282669
          ],
          [
            49.0366969,
            33.4335275
          ]
        ]
      },
      "properties": {
        "segment_id": "SEG_AUTO_000113",
        "from_station_id": "UA.STN.Kremenchuk",
        "to_station_id": "UA.STN.Kryukv-na-Dnpr",
        "geometry_source": "auto_combined_csv",
        "geometry_quality": "historic_approx",
        "is_current": null,
        "notes": "Auto-generated from ready_railways_from_afonina.csv"
      }
    },
    {
      "type": "Feature",
      "geometry": {
        "type": "LineString",
        "coordinates": [
          [
            49.8895725,
            28.6131692
          ],
          [
            50.3616282,
            26.7002548
          ]
        ]
      },
      "properties": {
        "segment_id": "SEG_AUTO_000114",
        "from_station_id": "UA.STN.Berdychiv",
        "to_station_id": "UA.STN.Kryvyn",
        "geometry_source": "auto_combined_csv",
        "geometry_quality": "historic_approx",
        "is_current": null,
        "notes": "Auto-generated from ready_railways_from_afonina.csv"
      }
    },
    {
      "type": "Feature",
      "geometry": {
        "type": "LineString",
        "coordinates": [
          [
            53.7873736,
            39.24057
          ],
          [
            53.8250267,
            39.5761152
          ]
        ]
      },
      "properties": {
        "segment_id": "SEG_AUTO_000115",
        "from_station_id": "RU.STN.Pavelets-Tulskiy",
        "to_station_id": "RU.STN.Skopin",
        "geometry_source": "auto_combined_csv",
        "geometry_quality": "historic_approx",
        "is_current": null,
        "notes": "Auto-generated from ready_railways_from_afonina.csv"
      }
    },
    {
      "type": "Feature",
      "geometry": {
        "type": "LineString",
        "coordinates": [
          [
            56.9604267,
            24.0930377
          ],
          [
            57.0185944,
            24.1296303
          ]
        ]
      },
      "properties": {
        "segment_id": "SEG_AUTO_000116",
        "from_station_id": "EE.STN.Riga",
        "to_station_id": "LV.STN.Mangai",
        "geometry_source": "auto_combined_csv",
        "geometry_quality": "historic_approx",
        "is_current": null,
        "notes": "Auto-generated from ready_railways_from_afonina.csv"
      }
    },
    {
      "type": "Feature",
      "geometry": {
        "type": "LineString",
        "coordinates": [
          [
            42.107972,
            43.0390879
          ],
          [
            41.721053,
            44.7995883
          ]
        ]
      },
      "properties": {
        "segment_id": "SEG_AUTO_000117",
        "from_station_id": "GE.STN.Zestafoni",
        "to_station_id": "GE.STN.Tbilisi_Central_Station",
        "geometry_source": "auto_combined_csv",
        "geometry_quality": "historic_approx",
        "is_current": null,
        "notes": "Auto-generated from ready_railways_from_afonina.csv"
      }
    },
    {
      "type": "Feature",
      "geometry": {
        "type": "LineString",
        "coordinates": [
          [
            41.9990489,
            43.6012787
          ],
          [
            42.016389,
            43.561389
          ]
        ]
      },
      "properties": {
        "segment_id": "SEG_AUTO_000118",
        "from_station_id": "GE.STN.Khashuri",
        "to_station_id": "RU.STN.Surami",
        "geometry_source": "auto_combined_csv",
        "geometry_quality": "historic_approx",
        "is_current": null,
        "notes": "Auto-generated from ready_railways_from_afonina.csv"
      }
    },
    {
      "type": "Feature",
      "geometry": {
        "type": "LineString",
        "coordinates": [
          [
            56.3962274,
            38.7015984
          ],
          [
            56.3186442,
            38.6951131
          ]
        ]
      },
      "properties": {
        "segment_id": "SEG_AUTO_000119",
        "from_station_id": "RU.STN.Aleksandrov-1",
        "to_station_id": "RU.STN.Karabanovo",
        "geometry_source": "auto_combined_csv",
        "geometry_quality": "historic_approx",
        "is_current": null,
        "notes": "Auto-generated from ready_railways_from_afonina.csv"
      }
    },
    {
      "type": "Feature",
      "geometry": {
        "type": "LineString",
        "coordinates": [
          [
            59.7323365,
            30.103424
          ],
          [
            59.5518636,
            30.1328612
          ]
        ]
      },
      "properties": {
        "segment_id": "SEG_AUTO_000120",
        "from_station_id": "RU.STN.Krasnoe_Selo",
        "to_station_id": "RU.STN.Gatchina-Varshavskaya",
        "geometry_source": "auto_combined_csv",
        "geometry_quality": "historic_approx",
        "is_current": null,
        "notes": "Auto-generated from ready_railways_from_afonina.csv"
      }
    },
    {
      "type": "Feature",
      "geometry": {
        "type": "LineString",
        "coordinates": [
          [
            48.1217816,
            37.8454052
          ],
          [
            49.2252253,
            31.800741
          ]
        ]
      },
      "properties": {
        "segment_id": "SEG_AUTO_000121",
        "from_station_id": "UA.STN.Yasinuvata-Pasazhirska",
        "to_station_id": "UA.STN.Kostiantynivka",
        "geometry_source": "auto_combined_csv",
        "geometry_quality": "historic_approx",
        "is_current": null,
        "notes": "Auto-generated from ready_railways_from_afonina.csv"
      }
    },
    {
      "type": "Feature",
      "geometry": {
        "type": "LineString",
        "coordinates": [
          [
            54.6939578,
            25.4087263
          ],
          [
            53.8905701,
            27.5490868
          ]
        ]
      },
      "properties": {
        "segment_id": "SEG_AUTO_000122",
        "from_station_id": "LT.STN.Naujoji_Vilnia",
        "to_station_id": "BY.STN.Minsk_Pasazhyrski",
        "geometry_source": "auto_combined_csv",
        "geometry_quality": "historic_approx",
        "is_current": null,
        "notes": "Auto-generated from ready_railways_from_afonina.csv"
      }
    },
    {
      "type": "Feature",
      "geometry": {
        "type": "LineString",
        "coordinates": [
          [
            56.9604267,
            24.0930377
          ],
          [
            57.0192259,
            24.0496854
          ]
        ]
      },
      "properties": {
        "segment_id": "SEG_AUTO_000123",
        "from_station_id": "EE.STN.Riga",
        "to_station_id": "LV.STN.Bolderja",
        "geometry_source": "auto_combined_csv",
        "geometry_quality": "historic_approx",
        "is_current": null,
        "notes": "Auto-generated from ready_railways_from_afonina.csv"
      }
    },
    {
      "type": "Feature",
      "geometry": {
        "type": "LineString",
        "coordinates": [
          [
            52.1004334,
            23.6804112
          ],
          [
            53.650103,
            22.448183
          ]
        ]
      },
      "properties": {
        "segment_id": "SEG_AUTO_000124",
        "from_station_id": "BY.STN.Brest-Zentralny",
        "to_station_id": "PL.STN.Grajewo",
        "geometry_source": "auto_combined_csv",
        "geometry_quality": "historic_approx",
        "is_current": null,
        "notes": "Auto-generated from ready_railways_from_afonina.csv"
      }
    },
    {
      "type": "Feature",
      "geometry": {
        "type": "LineString",
        "coordinates": [
          [
            53.650103,
            22.448183
          ],
          [
            53.6951398,
            22.4317785
          ]
        ]
      },
      "properties": {
        "segment_id": "SEG_AUTO_000125",
        "from_station_id": "PL.STN.Grajewo",
        "to_station_id": "PL.STN.Prostki",
        "geometry_source": "auto_combined_csv",
        "geometry_quality": "historic_approx",
        "is_current": null,
        "notes": "Auto-generated from ready_railways_from_afonina.csv"
      }
    },
    {
      "type": "Feature",
      "geometry": {
        "type": "LineString",
        "coordinates": [
          [
            50.3616282,
            26.7002548
          ],
          [
            51.2212513,
            24.7124893
          ]
        ]
      },
      "properties": {
        "segment_id": "SEG_AUTO_000126",
        "from_station_id": "UA.STN.Kryvyn",
        "to_station_id": "UA.STN.Kovel",
        "geometry_source": "auto_combined_csv",
        "geometry_quality": "historic_approx",
        "is_current": null,
        "notes": "Auto-generated from ready_railways_from_afonina.csv"
      }
    },
    {
      "type": "Feature",
      "geometry": {
        "type": "LineString",
        "coordinates": [
          [
            47.013054,
            28.8602002
          ],
          [
            47.3628544,
            28.0025621
          ]
        ]
      },
      "properties": {
        "segment_id": "SEG_AUTO_000127",
        "from_station_id": "MD.STN.Chisinau",
        "to_station_id": "MD.STN.Corneti",
        "geometry_source": "auto_combined_csv",
        "geometry_quality": "historic_approx",
        "is_current": null,
        "notes": "Auto-generated from ready_railways_from_afonina.csv"
      }
    },
    {
      "type": "Feature",
      "geometry": {
        "type": "LineString",
        "coordinates": [
          [
            51.2212513,
            24.7124893
          ],
          [
            52.1004334,
            23.6804112
          ]
        ]
      },
      "properties": {
        "segment_id": "SEG_AUTO_000128",
        "from_station_id": "UA.STN.Kovel",
        "to_station_id": "BY.STN.Brest-Zentralny",
        "geometry_source": "auto_combined_csv",
        "geometry_quality": "historic_approx",
        "is_current": null,
        "notes": "Auto-generated from ready_railways_from_afonina.csv"
      }
    },
    {
      "type": "Feature",
      "geometry": {
        "type": "LineString",
        "coordinates": [
          [
            48.7103874,
            32.689763
          ],
          [
            46.957447,
            31.9756694
          ]
        ]
      },
      "properties": {
        "segment_id": "SEG_AUTO_000129",
        "from_station_id": "UA.STN.Znamyanka-Passazhyrska",
        "to_station_id": "UA.STN.Mikolav-Vantazhniy",
        "geometry_source": "auto_combined_csv",
        "geometry_quality": "historic_approx",
        "is_current": null,
        "notes": "Auto-generated from ready_railways_from_afonina.csv"
      }
    },
    {
      "type": "Feature",
      "geometry": {
        "type": "LineString",
        "coordinates": [
          [
            53.8905701,
            27.5490868
          ],
          [
            53.1376274,
            29.1951058
          ]
        ]
      },
      "properties": {
        "segment_id": "SEG_AUTO_000130",
        "from_station_id": "BY.STN.Minsk_Pasazhyrski",
        "to_station_id": "BY.STN.Babrujsk",
        "geometry_source": "auto_combined_csv",
        "geometry_quality": "historic_approx",
        "is_current": null,
        "notes": "Auto-generated from ready_railways_from_afonina.csv"
      }
    },
    {
      "type": "Feature",
      "geometry": {
        "type": "LineString",
        "coordinates": [
          [
            53.1376274,
            29.1951058
          ],
          [
            52.4326377,
            30.99075
          ]
        ]
      },
      "properties": {
        "segment_id": "SEG_AUTO_000131",
        "from_station_id": "BY.STN.Babrujsk",
        "to_station_id": "BY.STN.Gomel_Pasazhyrsk",
        "geometry_source": "auto_combined_csv",
        "geometry_quality": "historic_approx",
        "is_current": null,
        "notes": "Auto-generated from ready_railways_from_afonina.csv"
      }
    },
    {
      "type": "Feature",
      "geometry": {
        "type": "LineString",
        "coordinates": [
          [
            55.8747094,
            26.5282348
          ],
          [
            55.8055806,
            23.5364777
          ]
        ]
      },
      "properties": {
        "segment_id": "SEG_AUTO_000132",
        "from_station_id": "LV.STN.Daugavpils",
        "to_station_id": "LT.STN.Radvilishkis",
        "geometry_source": "auto_combined_csv",
        "geometry_quality": "historic_approx",
        "is_current": null,
        "notes": "Auto-generated from ready_railways_from_afonina.csv"
      }
    },
    {
      "type": "Feature",
      "geometry": {
        "type": "LineString",
        "coordinates": [
          [
            48.8913652,
            36.3189782
          ],
          [
            47.7952653,
            35.1878259
          ]
        ]
      },
      "properties": {
        "segment_id": "SEG_AUTO_000133",
        "from_station_id": "UA.STN.Lozova-1",
        "to_station_id": "UA.STN.Zaporzhzhya_1",
        "geometry_source": "auto_combined_csv",
        "geometry_quality": "historic_approx",
        "is_current": null,
        "notes": "Auto-generated from ready_railways_from_afonina.csv"
      }
    },
    {
      "type": "Feature",
      "geometry": {
        "type": "LineString",
        "coordinates": [
          [
            48.3145685,
            35.5260622
          ],
          [
            50.4410407,
            30.5586885
          ]
        ]
      },
      "properties": {
        "segment_id": "SEG_AUTO_000134",
        "from_station_id": "UA.STN.Sinelnikove",
        "to_station_id": "UA.STN.Dnipro",
        "geometry_source": "auto_combined_csv",
        "geometry_quality": "historic_approx",
        "is_current": null,
        "notes": "Auto-generated from ready_railways_from_afonina.csv"
      }
    },
    {
      "type": "Feature",
      "geometry": {
        "type": "LineString",
        "coordinates": [
          [
            48.3145685,
            35.5260622
          ],
          [
            48.3334677,
            35.5112994
          ]
        ]
      },
      "properties": {
        "segment_id": "SEG_AUTO_000135",
        "from_station_id": "UA.STN.Sinelnikove",
        "to_station_id": "UA.STN.Sinelnikove-1",
        "geometry_source": "auto_combined_csv",
        "geometry_quality": "historic_approx",
        "is_current": null,
        "notes": "Auto-generated from ready_railways_from_afonina.csv"
      }
    },
    {
      "type": "Feature",
      "geometry": {
        "type": "LineString",
        "coordinates": [
          [
            56.6419657,
            23.7352555
          ],
          [
            56.3125546,
            22.3396359
          ]
        ]
      },
      "properties": {
        "segment_id": "SEG_AUTO_000136",
        "from_station_id": "LV.STN.Jelgava",
        "to_station_id": "LT.STN.Mazheikiai",
        "geometry_source": "auto_combined_csv",
        "geometry_quality": "historic_approx",
        "is_current": null,
        "notes": "Auto-generated from ready_railways_from_afonina.csv"
      }
    },
    {
      "type": "Feature",
      "geometry": {
        "type": "LineString",
        "coordinates": [
          [
            57.0192259,
            24.0496854
          ],
          [
            57.047,
            24.034
          ]
        ]
      },
      "properties": {
        "segment_id": "SEG_AUTO_000137",
        "from_station_id": "LV.STN.Bolderja",
        "to_station_id": "MOCK.LV.STN.Bolderja_port",
        "geometry_source": "auto_combined_csv",
        "geometry_quality": "historic_approx",
        "is_current": null,
        "notes": "Auto-generated from ready_railways_from_afonina.csv"
      }
    },
    {
      "type": "Feature",
      "geometry": {
        "type": "LineString",
        "coordinates": [
          [
            60.6257194,
            24.8481433
          ],
          [
            59.8268651,
            22.9682906
          ]
        ]
      },
      "properties": {
        "segment_id": "SEG_AUTO_000138",
        "from_station_id": "FI.STN.Hyvinkaa_Rautatiemuseo",
        "to_station_id": "FI.STN.Hanko",
        "geometry_source": "auto_combined_csv",
        "geometry_quality": "historic_approx",
        "is_current": null,
        "notes": "Auto-generated from ready_railways_from_afonina.csv"
      }
    },
    {
      "type": "Feature",
      "geometry": {
        "type": "LineString",
        "coordinates": [
          [
            52.4326377,
            30.99075
          ],
          [
            51.814286,
            31.9433001
          ]
        ]
      },
      "properties": {
        "segment_id": "SEG_AUTO_000139",
        "from_station_id": "BY.STN.Gomel_Pasazhyrsk",
        "to_station_id": "UA.STN.Snovsk",
        "geometry_source": "auto_combined_csv",
        "geometry_quality": "historic_approx",
        "is_current": null,
        "notes": "Auto-generated from ready_railways_from_afonina.csv"
      }
    },
    {
      "type": "Feature",
      "geometry": {
        "type": "LineString",
        "coordinates": [
          [
            51.814286,
            31.9433001
          ],
          [
            51.1879235,
            32.8411486
          ]
        ]
      },
      "properties": {
        "segment_id": "SEG_AUTO_000140",
        "from_station_id": "UA.STN.Snovsk",
        "to_station_id": "UA.STN.Bakhmach-Pasazhirskiy",
        "geometry_source": "auto_combined_csv",
        "geometry_quality": "historic_approx",
        "is_current": null,
        "notes": "Auto-generated from ready_railways_from_afonina.csv"
      }
    },
    {
      "type": "Feature",
      "geometry": {
        "type": "LineString",
        "coordinates": [
          [
            46.5942789,
            30.7862474
          ],
          [
            46.8836111,
            30.5372222
          ]
        ]
      },
      "properties": {
        "segment_id": "SEG_AUTO_000141",
        "from_station_id": "UA.STN.Odessa-Skhidna",
        "to_station_id": "UA.STN.Niviy_Kulaynik",
        "geometry_source": "auto_combined_csv",
        "geometry_quality": "historic_approx",
        "is_current": null,
        "notes": "Auto-generated from ready_railways_from_afonina.csv"
      }
    },
    {
      "type": "Feature",
      "geometry": {
        "type": "LineString",
        "coordinates": [
          [
            57.0422891,
            34.9804503
          ],
          [
            56.239447,
            34.3206171
          ]
        ]
      },
      "properties": {
        "segment_id": "SEG_AUTO_000142",
        "from_station_id": "RU.STN.Torzhok",
        "to_station_id": "RU.STN.Rzhev-Baltiyskiy",
        "geometry_source": "auto_combined_csv",
        "geometry_quality": "historic_approx",
        "is_current": null,
        "notes": "Auto-generated from ready_railways_from_afonina.csv"
      }
    },
    {
      "type": "Feature",
      "geometry": {
        "type": "LineString",
        "coordinates": [
          [
            47.7952653,
            35.1878259
          ],
          [
            46.8679555,
            35.3566416
          ]
        ]
      },
      "properties": {
        "segment_id": "SEG_AUTO_000143",
        "from_station_id": "UA.STN.Zaporzhzhya_1",
        "to_station_id": "UA.STN.Melitopol",
        "geometry_source": "auto_combined_csv",
        "geometry_quality": "historic_approx",
        "is_current": null,
        "notes": "Auto-generated from ready_railways_from_afonina.csv"
      }
    },
    {
      "type": "Feature",
      "geometry": {
        "type": "LineString",
        "coordinates": [
          [
            51.1879235,
            32.8411486
          ],
          [
            50.7490916,
            33.4683744
          ]
        ]
      },
      "properties": {
        "segment_id": "SEG_AUTO_000144",
        "from_station_id": "UA.STN.Bakhmach-Pasazhirskiy",
        "to_station_id": "UA.STN.Romni",
        "geometry_source": "auto_combined_csv",
        "geometry_quality": "historic_approx",
        "is_current": null,
        "notes": "Auto-generated from ready_railways_from_afonina.csv"
      }
    },
    {
      "type": "Feature",
      "geometry": {
        "type": "LineString",
        "coordinates": [
          [
            50.5280047,
            26.2569755
          ],
          [
            50.1187762,
            25.2604886
          ]
        ]
      },
      "properties": {
        "segment_id": "SEG_AUTO_000145",
        "from_station_id": "UA.STN.Zdolbunv",
        "to_station_id": "UA.STN.Radivilv",
        "geometry_source": "auto_combined_csv",
        "geometry_quality": "historic_approx",
        "is_current": null,
        "notes": "Auto-generated from ready_railways_from_afonina.csv"
      }
    },
    {
      "type": "Feature",
      "geometry": {
        "type": "LineString",
        "coordinates": [
          [
            46.8679555,
            35.3566416
          ],
          [
            44.9611883,
            34.0801864
          ]
        ]
      },
      "properties": {
        "segment_id": "SEG_AUTO_000146",
        "from_station_id": "UA.STN.Melitopol",
        "to_station_id": "RU.STN.Simferopol",
        "geometry_source": "auto_combined_csv",
        "geometry_quality": "historic_approx",
        "is_current": null,
        "notes": "Auto-generated from ready_railways_from_afonina.csv"
      }
    },
    {
      "type": "Feature",
      "geometry": {
        "type": "LineString",
        "coordinates": [
          [
            53.4415028,
            41.765826
          ],
          [
            53.1703222,
            48.4820255
          ]
        ]
      },
      "properties": {
        "segment_id": "SEG_AUTO_000147",
        "from_station_id": "RU.STN.Morshansk-1",
        "to_station_id": "RU.STN.Syzran_I",
        "geometry_source": "auto_combined_csv",
        "geometry_quality": "historic_approx",
        "is_current": null,
        "notes": "Auto-generated from ready_railways_from_afonina.csv"
      }
    },
    {
      "type": "Feature",
      "geometry": {
        "type": "LineString",
        "coordinates": [
          [
            52.4170814,
            43.5291708
          ],
          [
            52.4575241,
            43.7136209
          ]
        ]
      },
      "properties": {
        "segment_id": "SEG_AUTO_000148",
        "from_station_id": "RU.STN.Vertunovskaya",
        "to_station_id": "RU.STN.Bekovo",
        "geometry_source": "auto_combined_csv",
        "geometry_quality": "historic_approx",
        "is_current": null,
        "notes": "Auto-generated from ready_railways_from_afonina.csv"
      }
    },
    {
      "type": "Feature",
      "geometry": {
        "type": "LineString",
        "coordinates": [
          [
            55.2009033,
            34.3193915
          ],
          [
            53.7873736,
            39.24057
          ]
        ]
      },
      "properties": {
        "segment_id": "SEG_AUTO_000149",
        "from_station_id": "RU.STN.Vyazma-1",
        "to_station_id": "RU.STN.Pavelets-Tulskiy",
        "geometry_source": "auto_combined_csv",
        "geometry_quality": "historic_approx",
        "is_current": null,
        "notes": "Auto-generated from ready_railways_from_afonina.csv"
      }
    },
    {
      "type": "Feature",
      "geometry": {
        "type": "LineString",
        "coordinates": [
          [
            54.2352588,
            37.5575068
          ],
          [
            54.2091789,
            37.6286642
          ]
        ]
      },
      "properties": {
        "segment_id": "SEG_AUTO_000150",
        "from_station_id": "RU.STN.Plekhanovo",
        "to_station_id": "RU.STN.Tula-Vyazemskaya-1",
        "geometry_source": "auto_combined_csv",
        "geometry_quality": "historic_approx",
        "is_current": null,
        "notes": "Auto-generated from ready_railways_from_afonina.csv"
      }
    },
    {
      "type": "Feature",
      "geometry": {
        "type": "LineString",
        "coordinates": [
          [
            53.9752087,
            38.1742055
          ],
          [
            52.6059442,
            38.5257454
          ]
        ]
      },
      "properties": {
        "segment_id": "SEG_AUTO_000151",
        "from_station_id": "RU.STN.Uzlovaya-I",
        "to_station_id": "RU.STN.Elets",
        "geometry_source": "auto_combined_csv",
        "geometry_quality": "historic_approx",
        "is_current": null,
        "notes": "Auto-generated from ready_railways_from_afonina.csv"
      }
    },
    {
      "type": "Feature",
      "geometry": {
        "type": "LineString",
        "coordinates": [
          [
            60.4042933,
            25.1060671
          ],
          [
            60.3966607,
            25.6481326
          ]
        ]
      },
      "properties": {
        "segment_id": "SEG_AUTO_000152",
        "from_station_id": "FI.STN.Kerava",
        "to_station_id": "FI.STN.Porvoo",
        "geometry_source": "auto_combined_csv",
        "geometry_quality": "historic_approx",
        "is_current": null,
        "notes": "Auto-generated from ready_railways_from_afonina.csv"
      }
    },
    {
      "type": "Feature",
      "geometry": {
        "type": "LineString",
        "coordinates": [
          [
            44.9611883,
            34.0801864
          ],
          [
            44.5952048,
            33.528875
          ]
        ]
      },
      "properties": {
        "segment_id": "SEG_AUTO_000153",
        "from_station_id": "RU.STN.Simferopol",
        "to_station_id": "RU.STN.Sevastopol",
        "geometry_source": "auto_combined_csv",
        "geometry_quality": "historic_approx",
        "is_current": null,
        "notes": "Auto-generated from ready_railways_from_afonina.csv"
      }
    },
    {
      "type": "Feature",
      "geometry": {
        "type": "LineString",
        "coordinates": [
          [
            47.3628544,
            28.0025621
          ],
          [
            47.2034975,
            27.7998692
          ]
        ]
      },
      "properties": {
        "segment_id": "SEG_AUTO_000154",
        "from_station_id": "MD.STN.Corneti",
        "to_station_id": "MD.STN.Ungheni",
        "geometry_source": "auto_combined_csv",
        "geometry_quality": "historic_approx",
        "is_current": null,
        "notes": "Auto-generated from ready_railways_from_afonina.csv"
      }
    },
    {
      "type": "Feature",
      "geometry": {
        "type": "LineString",
        "coordinates": [
          [
            47.2176332,
            39.6907722
          ],
          [
            43.0379913,
            44.6885076
          ]
        ]
      },
      "properties": {
        "segment_id": "SEG_AUTO_000155",
        "from_station_id": "RU.STN.Rostov-Glavnyy",
        "to_station_id": "RU.STN.Vladikavkaz",
        "geometry_source": "auto_combined_csv",
        "geometry_quality": "historic_approx",
        "is_current": null,
        "notes": "Auto-generated from ready_railways_from_afonina.csv"
      }
    },
    {
      "type": "Feature",
      "geometry": {
        "type": "LineString",
        "coordinates": [
          [
            51.9629566,
            46.3425476
          ],
          [
            46.1734656,
            34.7740379
          ]
        ]
      },
      "properties": {
        "segment_id": "SEG_AUTO_000156",
        "from_station_id": "RU.STN.Novoalekseevka-1",
        "to_station_id": "UA.STN.Genchesk",
        "geometry_source": "auto_combined_csv",
        "geometry_quality": "historic_approx",
        "is_current": null,
        "notes": "Auto-generated from ready_railways_from_afonina.csv"
      }
    },
    {
      "type": "Feature",
      "geometry": {
        "type": "LineString",
        "coordinates": [
          [
            53.7447379,
            40.4270766
          ],
          [
            53.7912703,
            40.4774677
          ]
        ]
      },
      "properties": {
        "segment_id": "SEG_AUTO_000157",
        "from_station_id": "RU.STN.Kenzino",
        "to_station_id": "RU.STN.Ukholovo",
        "geometry_source": "auto_combined_csv",
        "geometry_quality": "historic_approx",
        "is_current": null,
        "notes": "Auto-generated from ready_railways_from_afonina.csv"
      }
    },
    {
      "type": "Feature",
      "geometry": {
        "type": "LineString",
        "coordinates": [
          [
            50.0792658,
            29.9301192
          ],
          [
            57.2480796,
            47.8234426
          ]
        ]
      },
      "properties": {
        "segment_id": "SEG_AUTO_000158",
        "from_station_id": "UA.STN.Fastiv_1",
        "to_station_id": "RU.STN.Znamenka",
        "geometry_source": "auto_combined_csv",
        "geometry_quality": "historic_approx",
        "is_current": null,
        "notes": "Auto-generated from ready_railways_from_afonina.csv"
      }
    },
    {
      "type": "Feature",
      "geometry": {
        "type": "LineString",
        "coordinates": [
          [
            49.1537441,
            31.5292404
          ],
          [
            48.9950661,
            31.3975977
          ]
        ]
      },
      "properties": {
        "segment_id": "SEG_AUTO_000159",
        "from_station_id": "UA.STN.Tsvitkove",
        "to_station_id": "UA.STN.Shpola",
        "geometry_source": "auto_combined_csv",
        "geometry_quality": "historic_approx",
        "is_current": null,
        "notes": "Auto-generated from ready_railways_from_afonina.csv"
      }
    },
    {
      "type": "Feature",
      "geometry": {
        "type": "LineString",
        "coordinates": [
          [
            46.5737479,
            30.7726631
          ],
          [
            49.425876,
            32.0503844
          ]
        ]
      },
      "properties": {
        "segment_id": "SEG_AUTO_000160",
        "from_station_id": "UA.STN.Shevchenko",
        "to_station_id": "UA.STN.Cherkasy",
        "geometry_source": "auto_combined_csv",
        "geometry_quality": "historic_approx",
        "is_current": null,
        "notes": "Auto-generated from ready_railways_from_afonina.csv"
      }
    },
    {
      "type": "Feature",
      "geometry": {
        "type": "LineString",
        "coordinates": [
          [
            59.3673535,
            28.2339917
          ],
          [
            51.9404823,
            22.3928588
          ]
        ]
      },
      "properties": {
        "segment_id": "SEG_AUTO_000161",
        "from_station_id": "RU.STN.Ivangorod-Narvskiy",
        "to_station_id": "PL.STN.Lukow",
        "geometry_source": "auto_combined_csv",
        "geometry_quality": "historic_approx",
        "is_current": null,
        "notes": "Auto-generated from ready_railways_from_afonina.csv"
      }
    },
    {
      "type": "Feature",
      "geometry": {
        "type": "LineString",
        "coordinates": [
          [
            59.2654595,
            25.9614715
          ],
          [
            58.373714,
            26.7065013
          ]
        ]
      },
      "properties": {
        "segment_id": "SEG_AUTO_000162",
        "from_station_id": "EE.STN.Tapa",
        "to_station_id": "EE.STN.Tartu",
        "geometry_source": "auto_combined_csv",
        "geometry_quality": "historic_approx",
        "is_current": null,
        "notes": "Auto-generated from ready_railways_from_afonina.csv"
      }
    },
    {
      "type": "Feature",
      "geometry": {
        "type": "LineString",
        "coordinates": [
          [
            47.2532522,
            39.8766287
          ],
          [
            47.2176332,
            39.6907722
          ]
        ]
      },
      "properties": {
        "segment_id": "SEG_AUTO_000163",
        "from_station_id": "RU.STN.Aksay",
        "to_station_id": "RU.STN.Rostov-Glavnyy",
        "geometry_source": "auto_combined_csv",
        "geometry_quality": "historic_approx",
        "is_current": null,
        "notes": "Auto-generated from ready_railways_from_afonina.csv"
      }
    },
    {
      "type": "Feature",
      "geometry": {
        "type": "LineString",
        "coordinates": [
          [
            61.0025615,
            24.4783279
          ],
          [
            61.498237,
            23.7738581
          ]
        ]
      },
      "properties": {
        "segment_id": "SEG_AUTO_000164",
        "from_station_id": "FI.STN.Hameenlinna",
        "to_station_id": "FI.STN.Tampere",
        "geometry_source": "auto_combined_csv",
        "geometry_quality": "historic_approx",
        "is_current": null,
        "notes": "Auto-generated from ready_railways_from_afonina.csv"
      }
    },
    {
      "type": "Feature",
      "geometry": {
        "type": "LineString",
        "coordinates": [
          [
            61.1706098,
            23.8609068
          ],
          [
            60.4565639,
            22.2607558
          ]
        ]
      },
      "properties": {
        "segment_id": "SEG_AUTO_000165",
        "from_station_id": "FI.STN.Toijala",
        "to_station_id": "FI.STN.Turku",
        "geometry_source": "auto_combined_csv",
        "geometry_quality": "historic_approx",
        "is_current": null,
        "notes": "Auto-generated from ready_railways_from_afonina.csv"
      }
    },
    {
      "type": "Feature",
      "geometry": {
        "type": "LineString",
        "coordinates": [
          [
            53.1613797,
            48.6682695
          ],
          [
            53.2305475,
            50.6330253
          ]
        ]
      },
      "properties": {
        "segment_id": "SEG_AUTO_000166",
        "from_station_id": "RU.STN.Oktyabrsk",
        "to_station_id": "RU.STN.Kinel",
        "geometry_source": "auto_combined_csv",
        "geometry_quality": "historic_approx",
        "is_current": null,
        "notes": "Auto-generated from ready_railways_from_afonina.csv"
      }
    },
    {
      "type": "Feature",
      "geometry": {
        "type": "LineString",
        "coordinates": [
          [
            53.2305475,
            50.6330253
          ],
          [
            51.7765991,
            55.074565
          ]
        ]
      },
      "properties": {
        "segment_id": "SEG_AUTO_000167",
        "from_station_id": "RU.STN.Kinel",
        "to_station_id": "RU.STN.Orenburg",
        "geometry_source": "auto_combined_csv",
        "geometry_quality": "historic_approx",
        "is_current": null,
        "notes": "Auto-generated from ready_railways_from_afonina.csv"
      }
    },
    {
      "type": "Feature",
      "geometry": {
        "type": "LineString",
        "coordinates": [
          [
            53.2305475,
            50.6330253
          ],
          [
            51.7765991,
            55.074565
          ]
        ]
      },
      "properties": {
        "segment_id": "SEG_AUTO_000168",
        "from_station_id": "RU.STN.Kinel",
        "to_station_id": "RU.STN.Orenburg",
        "geometry_source": "auto_combined_csv",
        "geometry_quality": "historic_approx",
        "is_current": null,
        "notes": "Auto-generated from ready_railways_from_afonina.csv"
      }
    },
    {
      "type": "Feature",
      "geometry": {
        "type": "LineString",
        "coordinates": [
          [
            53.1703222,
            48.4820255
          ],
          [
            53.1613797,
            48.6682695
          ]
        ]
      },
      "properties": {
        "segment_id": "SEG_AUTO_000169",
        "from_station_id": "RU.STN.Syzran_I",
        "to_station_id": "RU.STN.Oktyabrsk",
        "geometry_source": "auto_combined_csv",
        "geometry_quality": "historic_approx",
        "is_current": null,
        "notes": "Auto-generated from ready_railways_from_afonina.csv"
      }
    },
    {
      "type": "Feature",
      "geometry": {
        "type": "LineString",
        "coordinates": [
          [
            58.2334332,
            33.5088143
          ],
          [
            58.3889802,
            33.8884218
          ]
        ]
      },
      "properties": {
        "segment_id": "SEG_AUTO_000170",
        "from_station_id": "RU.STN.Uglovka",
        "to_station_id": "RU.STN.Borovichi",
        "geometry_source": "auto_combined_csv",
        "geometry_quality": "historic_approx",
        "is_current": null,
        "notes": "Auto-generated from ready_railways_from_afonina.csv"
      }
    },
    {
      "type": "Feature",
      "geometry": {
        "type": "LineString",
        "coordinates": [
          [
            56.9413696,
            24.0517023
          ],
          [
            54.8406933,
            20.2520946
          ]
        ]
      },
      "properties": {
        "segment_id": "SEG_AUTO_000171",
        "from_station_id": "LV.STN.Zasulauks",
        "to_station_id": "RU.STN.Pereslavskoe-Zapadnoe",
        "geometry_source": "auto_combined_csv",
        "geometry_quality": "historic_approx",
        "is_current": null,
        "notes": "Auto-generated from ready_railways_from_afonina.csv"
      }
    },
    {
      "type": "Feature",
      "geometry": {
        "type": "LineString",
        "coordinates": [
          [
            42.198543,
            42.7091464
          ],
          [
            42.1829557,
            42.4663755
          ]
        ]
      },
      "properties": {
        "segment_id": "SEG_AUTO_000172",
        "from_station_id": "GE.STN.Rioni",
        "to_station_id": "GE.STN.Kutaisi",
        "geometry_source": "auto_combined_csv",
        "geometry_quality": "historic_approx",
        "is_current": null,
        "notes": "Auto-generated from ready_railways_from_afonina.csv"
      }
    },
    {
      "type": "Feature",
      "geometry": {
        "type": "LineString",
        "coordinates": [
          [
            53.1260799,
            20.35096
          ],
          [
            51.2212513,
            24.7124893
          ]
        ]
      },
      "properties": {
        "segment_id": "SEG_AUTO_000173",
        "from_station_id": "PL.STN.Mlawa",
        "to_station_id": "UA.STN.Kovel",
        "geometry_source": "auto_combined_csv",
        "geometry_quality": "historic_approx",
        "is_current": null,
        "notes": "Auto-generated from ready_railways_from_afonina.csv"
      }
    },
    {
      "type": "Feature",
      "geometry": {
        "type": "LineString",
        "coordinates": [
          [
            54.8406933,
            20.2520946
          ],
          [
            56.9658334,
            23.1697492
          ]
        ]
      },
      "properties": {
        "segment_id": "SEG_AUTO_000174",
        "from_station_id": "RU.STN.Pereslavskoe-Zapadnoe",
        "to_station_id": "LV.STN.Tukums_I",
        "geometry_source": "auto_combined_csv",
        "geometry_quality": "historic_approx",
        "is_current": null,
        "notes": "Auto-generated from ready_railways_from_afonina.csv"
      }
    },
    {
      "type": "Feature",
      "geometry": {
        "type": "LineString",
        "coordinates": [
          [
            46.8271414,
            29.4714132
          ],
          [
            45.4585496,
            28.2645557
          ]
        ]
      },
      "properties": {
        "segment_id": "SEG_AUTO_000175",
        "from_station_id": "MD.STN.Bender-1",
        "to_station_id": "UA.STN.Reni-Main",
        "geometry_source": "auto_combined_csv",
        "geometry_quality": "historic_approx",
        "is_current": null,
        "notes": "Auto-generated from ready_railways_from_afonina.csv"
      }
    },
    {
      "type": "Feature",
      "geometry": {
        "type": "LineString",
        "coordinates": [
          [
            53.2629041,
            34.4062012
          ],
          [
            60.1175463,
            30.151492
          ]
        ]
      },
      "properties": {
        "segment_id": "SEG_AUTO_000176",
        "from_station_id": "RU.STN.Bryansk-Orlovskiy",
        "to_station_id": "RU.STN.Pesochnaya",
        "geometry_source": "auto_combined_csv",
        "geometry_quality": "historic_approx",
        "is_current": null,
        "notes": "Auto-generated from ready_railways_from_afonina.csv"
      }
    },
    {
      "type": "Feature",
      "geometry": {
        "type": "LineString",
        "coordinates": [
          [
            53.1856845,
            50.1213009
          ],
          [
            53.2305475,
            50.6330253
          ]
        ]
      },
      "properties": {
        "segment_id": "SEG_AUTO_000177",
        "from_station_id": "RU.STN.Samara_railway_station",
        "to_station_id": "RU.STN.Kinel",
        "geometry_source": "auto_combined_csv",
        "geometry_quality": "historic_approx",
        "is_current": null,
        "notes": "Auto-generated from ready_railways_from_afonina.csv"
      }
    },
    {
      "type": "Feature",
      "geometry": {
        "type": "LineString",
        "coordinates": [
          [
            49.941311,
            35.9277306
          ],
          [
            51.1700269,
            34.2243969
          ]
        ]
      },
      "properties": {
        "segment_id": "SEG_AUTO_000178",
        "from_station_id": "UA.STN.Lyubotin",
        "to_station_id": "UA.STN.Vorozhba",
        "geometry_source": "auto_combined_csv",
        "geometry_quality": "historic_approx",
        "is_current": null,
        "notes": "Auto-generated from ready_railways_from_afonina.csv"
      }
    },
    {
      "type": "Feature",
      "geometry": {
        "type": "LineString",
        "coordinates": [
          [
            49.941311,
            35.9277306
          ],
          [
            49.823283,
            36.0474368
          ]
        ]
      },
      "properties": {
        "segment_id": "SEG_AUTO_000179",
        "from_station_id": "UA.STN.Lyubotin",
        "to_station_id": "UA.STN.Merefa",
        "geometry_source": "auto_combined_csv",
        "geometry_quality": "historic_approx",
        "is_current": null,
        "notes": "Auto-generated from ready_railways_from_afonina.csv"
      }
    },
    {
      "type": "Feature",
      "geometry": {
        "type": "LineString",
        "coordinates": [
          [
            58.5267442,
            31.2502224
          ],
          [
            58.0001269,
            31.3443871
          ]
        ]
      },
      "properties": {
        "segment_id": "SEG_AUTO_000180",
        "from_station_id": "RU.STN.Velikiy_Novgorod",
        "to_station_id": "RU.STN.Staraya_Russa",
        "geometry_source": "auto_combined_csv",
        "geometry_quality": "historic_approx",
        "is_current": null,
        "notes": "Auto-generated from ready_railways_from_afonina.csv"
      }
    },
    {
      "type": "Feature",
      "geometry": {
        "type": "LineString",
        "coordinates": [
          [
            58.0047837,
            56.1798837
          ],
          [
            58.2899653,
            57.8406417
          ]
        ]
      },
      "properties": {
        "segment_id": "SEG_AUTO_000181",
        "from_station_id": "RU.STN.Perm-2",
        "to_station_id": "RU.STN.Chusovskaya",
        "geometry_source": "auto_combined_csv",
        "geometry_quality": "historic_approx",
        "is_current": null,
        "notes": "Auto-generated from ready_railways_from_afonina.csv"
      }
    },
    {
      "type": "Feature",
      "geometry": {
        "type": "LineString",
        "coordinates": [
          [
            58.2674926,
            59.7100081
          ],
          [
            56.8590244,
            60.6058587
          ]
        ]
      },
      "properties": {
        "segment_id": "SEG_AUTO_000182",
        "from_station_id": "RU.STN.Goroblagodatskaya",
        "to_station_id": "RU.STN.Ekaterinburg-Passazhirskiy",
        "geometry_source": "auto_combined_csv",
        "geometry_quality": "historic_approx",
        "is_current": null,
        "notes": "Auto-generated from ready_railways_from_afonina.csv"
      }
    },
    {
      "type": "Feature",
      "geometry": {
        "type": "LineString",
        "coordinates": [
          [
            58.2899653,
            57.8406417
          ],
          [
            58.2674926,
            59.7100081
          ]
        ]
      },
      "properties": {
        "segment_id": "SEG_AUTO_000183",
        "from_station_id": "RU.STN.Chusovskaya",
        "to_station_id": "RU.STN.Goroblagodatskaya",
        "geometry_source": "auto_combined_csv",
        "geometry_quality": "historic_approx",
        "is_current": null,
        "notes": "Auto-generated from ready_railways_from_afonina.csv"
      }
    },
    {
      "type": "Feature",
      "geometry": {
        "type": "LineString",
        "coordinates": [
          [
            48.6339659,
            37.9924756
          ],
          [
            48.5914081,
            37.9860197
          ]
        ]
      },
      "properties": {
        "segment_id": "SEG_AUTO_000184",
        "from_station_id": "UA.STN.Stupki",
        "to_station_id": "UA.STN.Bakhmut",
        "geometry_source": "auto_combined_csv",
        "geometry_quality": "historic_approx",
        "is_current": null,
        "notes": "Auto-generated from ready_railways_from_afonina.csv"
      }
    },
    {
      "type": "Feature",
      "geometry": {
        "type": "LineString",
        "coordinates": [
          [
            48.3368896,
            38.4042083
          ],
          [
            48.0202631,
            40.1151109
          ]
        ]
      },
      "properties": {
        "segment_id": "SEG_AUTO_000185",
        "from_station_id": "UA.STN.Debaltseve",
        "to_station_id": "RU.STN.Zverevo",
        "geometry_source": "auto_combined_csv",
        "geometry_quality": "historic_approx",
        "is_current": null,
        "notes": "Auto-generated from ready_railways_from_afonina.csv"
      }
    },
    {
      "type": "Feature",
      "geometry": {
        "type": "LineString",
        "coordinates": [
          [
            48.3368896,
            38.4042083
          ],
          [
            48.5914465,
            39.3543222
          ]
        ]
      },
      "properties": {
        "segment_id": "SEG_AUTO_000186",
        "from_station_id": "UA.STN.Debaltseve",
        "to_station_id": "UA.STN.Lugansk-Pvnchniy",
        "geometry_source": "auto_combined_csv",
        "geometry_quality": "historic_approx",
        "is_current": null,
        "notes": "Auto-generated from ready_railways_from_afonina.csv"
      }
    },
    {
      "type": "Feature",
      "geometry": {
        "type": "LineString",
        "coordinates": [
          [
            58.2899653,
            57.8406417
          ],
          [
            59.4217342,
            56.7270199
          ]
        ]
      },
      "properties": {
        "segment_id": "SEG_AUTO_000187",
        "from_station_id": "RU.STN.Chusovskaya",
        "to_station_id": "RU.STN.Solevarni",
        "geometry_source": "auto_combined_csv",
        "geometry_quality": "historic_approx",
        "is_current": null,
        "notes": "Auto-generated from ready_railways_from_afonina.csv"
      }
    },
    {
      "type": "Feature",
      "geometry": {
        "type": "LineString",
        "coordinates": [
          [
            59.1557211,
            57.569203
          ],
          [
            59.1557663,
            57.6746291
          ]
        ]
      },
      "properties": {
        "segment_id": "SEG_AUTO_000188",
        "from_station_id": "RU.STN.Kopi",
        "to_station_id": "RU.STN.Lunevka",
        "geometry_source": "auto_combined_csv",
        "geometry_quality": "historic_approx",
        "is_current": null,
        "notes": "Auto-generated from ready_railways_from_afonina.csv"
      }
    },
    {
      "type": "Feature",
      "geometry": {
        "type": "LineString",
        "coordinates": [
          [
            52.1004334,
            23.6804112
          ],
          [
            57.9663946,
            40.1634126
          ]
        ]
      },
      "properties": {
        "segment_id": "SEG_AUTO_000189",
        "from_station_id": "BY.STN.Brest-Zentralny",
        "to_station_id": "RU.STN.Kholm",
        "geometry_source": "auto_combined_csv",
        "geometry_quality": "historic_approx",
        "is_current": null,
        "notes": "Auto-generated from ready_railways_from_afonina.csv"
      }
    },
    {
      "type": "Feature",
      "geometry": {
        "type": "LineString",
        "coordinates": [
          [
            45.8490341,
            40.1177679
          ],
          [
            45.0112333,
            38.9845655
          ]
        ]
      },
      "properties": {
        "segment_id": "SEG_AUTO_000190",
        "from_station_id": "RU.STN.Tikhoretskaya",
        "to_station_id": "RU.STN.gorod_Krasnodar",
        "geometry_source": "auto_combined_csv",
        "geometry_quality": "historic_approx",
        "is_current": null,
        "notes": "Auto-generated from ready_railways_from_afonina.csv"
      }
    },
    {
      "type": "Feature",
      "geometry": {
        "type": "LineString",
        "coordinates": [
          [
            52.4326377,
            30.99075
          ],
          [
            53.2629041,
            34.4062012
          ]
        ]
      },
      "properties": {
        "segment_id": "SEG_AUTO_000191",
        "from_station_id": "BY.STN.Gomel_Pasazhyrsk",
        "to_station_id": "RU.STN.Bryansk-Orlovskiy",
        "geometry_source": "auto_combined_csv",
        "geometry_quality": "historic_approx",
        "is_current": null,
        "notes": "Auto-generated from ready_railways_from_afonina.csv"
      }
    },
    {
      "type": "Feature",
      "geometry": {
        "type": "LineString",
        "coordinates": [
          [
            57.625402,
            39.8349726
          ],
          [
            57.7508948,
            40.893059
          ]
        ]
      },
      "properties": {
        "segment_id": "SEG_AUTO_000192",
        "from_station_id": "RU.STN.Yaroslavl-Glavnyy",
        "to_station_id": "RU.STN.Kostroma",
        "geometry_source": "auto_combined_csv",
        "geometry_quality": "historic_approx",
        "is_current": null,
        "notes": "Auto-generated from ready_railways_from_afonina.csv"
      }
    },
    {
      "type": "Feature",
      "geometry": {
        "type": "LineString",
        "coordinates": [
          [
            45.0112333,
            38.9845655
          ],
          [
            44.7353935,
            37.7748777
          ]
        ]
      },
      "properties": {
        "segment_id": "SEG_AUTO_000193",
        "from_station_id": "RU.STN.gorod_Krasnodar",
        "to_station_id": "RU.STN.Novorossiysk",
        "geometry_source": "auto_combined_csv",
        "geometry_quality": "historic_approx",
        "is_current": null,
        "notes": "Auto-generated from ready_railways_from_afonina.csv"
      }
    },
    {
      "type": "Feature",
      "geometry": {
        "type": "LineString",
        "coordinates": [
          [
            53.2305475,
            50.6330253
          ],
          [
            54.7487182,
            55.9476944
          ]
        ]
      },
      "properties": {
        "segment_id": "SEG_AUTO_000194",
        "from_station_id": "RU.STN.Kinel",
        "to_station_id": "RU.STN.Ufa-1",
        "geometry_source": "auto_combined_csv",
        "geometry_quality": "historic_approx",
        "is_current": null,
        "notes": "Auto-generated from ready_railways_from_afonina.csv"
      }
    },
    {
      "type": "Feature",
      "geometry": {
        "type": "LineString",
        "coordinates": [
          [
            54.7487182,
            55.9476944
          ],
          [
            55.1981361,
            59.7176612
          ]
        ]
      },
      "properties": {
        "segment_id": "SEG_AUTO_000195",
        "from_station_id": "RU.STN.Ufa-1",
        "to_station_id": "RU.STN.Zlatoust-1",
        "geometry_source": "auto_combined_csv",
        "geometry_quality": "historic_approx",
        "is_current": null,
        "notes": "Auto-generated from ready_railways_from_afonina.csv"
      }
    },
    {
      "type": "Feature",
      "geometry": {
        "type": "LineString",
        "coordinates": [
          [
            53.2506241,
            40.2915756
          ],
          [
            53.0131513,
            39.1643571
          ]
        ]
      },
      "properties": {
        "segment_id": "SEG_AUTO_000196",
        "from_station_id": "RU.STN.Bogoyavlensk",
        "to_station_id": "RU.STN.Lebedyan",
        "geometry_source": "auto_combined_csv",
        "geometry_quality": "historic_approx",
        "is_current": null,
        "notes": "Auto-generated from ready_railways_from_afonina.csv"
      }
    },
    {
      "type": "Feature",
      "geometry": {
        "type": "LineString",
        "coordinates": [
          [
            45.7095041,
            34.3875292
          ],
          [
            45.030414,
            35.3842628
          ]
        ]
      },
      "properties": {
        "segment_id": "SEG_AUTO_000197",
        "from_station_id": "RU.STN.Dzhankoy",
        "to_station_id": "RU.STN.Feodosiya",
        "geometry_source": "auto_combined_csv",
        "geometry_quality": "historic_approx",
        "is_current": null,
        "notes": "Auto-generated from ready_railways_from_afonina.csv"
      }
    },
    {
      "type": "Feature",
      "geometry": {
        "type": "LineString",
        "coordinates": [
          [
            55.1981361,
            59.7176612
          ],
          [
            55.1411307,
            61.4167159
          ]
        ]
      },
      "properties": {
        "segment_id": "SEG_AUTO_000198",
        "from_station_id": "RU.STN.Zlatoust-1",
        "to_station_id": "RU.STN.Chelyabinsk-Glavnyy",
        "geometry_source": "auto_combined_csv",
        "geometry_quality": "historic_approx",
        "is_current": null,
        "notes": "Auto-generated from ready_railways_from_afonina.csv"
      }
    },
    {
      "type": "Feature",
      "geometry": {
        "type": "LineString",
        "coordinates": [
          [
            49.1887692,
            31.6928515
          ],
          [
            48.2759052,
            46.1964686
          ]
        ]
      },
      "properties": {
        "segment_id": "SEG_AUTO_000199",
        "from_station_id": "UA.STN.Volodymyrivka",
        "to_station_id": "RU.STN.Akhtuba",
        "geometry_source": "auto_combined_csv",
        "geometry_quality": "historic_approx",
        "is_current": null,
        "notes": "Auto-generated from ready_railways_from_afonina.csv"
      }
    },
    {
      "type": "Feature",
      "geometry": {
        "type": "LineString",
        "coordinates": [
          [
            57.7446172,
            40.9565333
          ],
          [
            64.5536005,
            55.4773867
          ]
        ]
      },
      "properties": {
        "segment_id": "SEG_AUTO_000200",
        "from_station_id": "RU.STN.Slobodka",
        "to_station_id": "RU.STN.Rybnitsa",
        "geometry_source": "auto_combined_csv",
        "geometry_quality": "historic_approx",
        "is_current": null,
        "notes": "Auto-generated from ready_railways_from_afonina.csv"
      }
    },
    {
      "type": "Feature",
      "geometry": {
        "type": "LineString",
        "coordinates": [
          [
            53.3067992,
            42.3850903
          ],
          [
            53.4960586,
            42.5970453
          ]
        ]
      },
      "properties": {
        "segment_id": "SEG_AUTO_000201",
        "from_station_id": "RU.STN.Vernadovka",
        "to_station_id": "RU.STN.Zemetchino",
        "geometry_source": "auto_combined_csv",
        "geometry_quality": "historic_approx",
        "is_current": null,
        "notes": "Auto-generated from ready_railways_from_afonina.csv"
      }
    },
    {
      "type": "Feature",
      "geometry": {
        "type": "LineString",
        "coordinates": [
          [
            54.6337015,
            39.713368
          ],
          [
            54.3467189,
            41.9300093
          ]
        ]
      },
      "properties": {
        "segment_id": "SEG_AUTO_000202",
        "from_station_id": "RU.STN.Ryazan-1",
        "to_station_id": "RU.STN.Sasovo",
        "geometry_source": "auto_combined_csv",
        "geometry_quality": "historic_approx",
        "is_current": null,
        "notes": "Auto-generated from ready_railways_from_afonina.csv"
      }
    },
    {
      "type": "Feature",
      "geometry": {
        "type": "LineString",
        "coordinates": [
          [
            56.3186442,
            38.6951131
          ],
          [
            56.2663949,
            38.7907933
          ]
        ]
      },
      "properties": {
        "segment_id": "SEG_AUTO_000203",
        "from_station_id": "RU.STN.Karabanovo",
        "to_station_id": "RU.STN.Belkovo",
        "geometry_source": "auto_combined_csv",
        "geometry_quality": "historic_approx",
        "is_current": null,
        "notes": "Auto-generated from ready_railways_from_afonina.csv"
      }
    },
    {
      "type": "Feature",
      "geometry": {
        "type": "LineString",
        "coordinates": [
          [
            43.1111519,
            131.8820138
          ],
          [
            43.801559,
            131.9812104
          ]
        ]
      },
      "properties": {
        "segment_id": "SEG_AUTO_000204",
        "from_station_id": "RU.STN.Vladivostok",
        "to_station_id": "RU.STN.Ussuriysk",
        "geometry_source": "auto_combined_csv",
        "geometry_quality": "historic_approx",
        "is_current": null,
        "notes": "Auto-generated from ready_railways_from_afonina.csv"
      }
    },
    {
      "type": "Feature",
      "geometry": {
        "type": "LineString",
        "coordinates": [
          [
            54.3467189,
            41.9300093
          ],
          [
            55.7990933,
            48.5274061
          ]
        ]
      },
      "properties": {
        "segment_id": "SEG_AUTO_000205",
        "from_station_id": "RU.STN.Sasovo",
        "to_station_id": "RU.STN.Sviyazhsk",
        "geometry_source": "auto_combined_csv",
        "geometry_quality": "historic_approx",
        "is_current": null,
        "notes": "Auto-generated from ready_railways_from_afonina.csv"
      }
    },
    {
      "type": "Feature",
      "geometry": {
        "type": "LineString",
        "coordinates": [
          [
            53.5310996,
            33.7245789
          ],
          [
            53.3940229,
            33.2061474
          ]
        ]
      },
      "properties": {
        "segment_id": "SEG_AUTO_000206",
        "from_station_id": "RU.STN.Zhukovka",
        "to_station_id": "RU.STN.Kletnya",
        "geometry_source": "auto_combined_csv",
        "geometry_quality": "historic_approx",
        "is_current": null,
        "notes": "Auto-generated from ready_railways_from_afonina.csv"
      }
    },
    {
      "type": "Feature",
      "geometry": {
        "type": "LineString",
        "coordinates": [
          [
            51.4104372,
            34.9003345
          ],
          [
            51.5684195,
            34.7130389
          ]
        ]
      },
      "properties": {
        "segment_id": "SEG_AUTO_000207",
        "from_station_id": "RU.STN.Korenevo",
        "to_station_id": "RU.STN.Rylsk",
        "geometry_source": "auto_combined_csv",
        "geometry_quality": "historic_approx",
        "is_current": null,
        "notes": "Auto-generated from ready_railways_from_afonina.csv"
      }
    },
    {
      "type": "Feature",
      "geometry": {
        "type": "LineString",
        "coordinates": [
          [
            53.0131513,
            39.1643571
          ],
          [
            52.6059442,
            38.5257454
          ]
        ]
      },
      "properties": {
        "segment_id": "SEG_AUTO_000208",
        "from_station_id": "RU.STN.Lebedyan",
        "to_station_id": "RU.STN.Elets",
        "geometry_source": "auto_combined_csv",
        "geometry_quality": "historic_approx",
        "is_current": null,
        "notes": "Auto-generated from ready_railways_from_afonina.csv"
      }
    },
    {
      "type": "Feature",
      "geometry": {
        "type": "LineString",
        "coordinates": [
          [
            44.2139979,
            43.139972
          ],
          [
            43.9021276,
            42.7204487
          ]
        ]
      },
      "properties": {
        "segment_id": "SEG_AUTO_000209",
        "from_station_id": "RU.STN.Mineralnye_Vody",
        "to_station_id": "RU.STN.Kislovodsk",
        "geometry_source": "auto_combined_csv",
        "geometry_quality": "historic_approx",
        "is_current": null,
        "notes": "Auto-generated from ready_railways_from_afonina.csv"
      }
    },
    {
      "type": "Feature",
      "geometry": {
        "type": "LineString",
        "coordinates": [
          [
            43.801559,
            131.9812104
          ],
          [
            44.604581,
            132.8243722
          ]
        ]
      },
      "properties": {
        "segment_id": "SEG_AUTO_000210",
        "from_station_id": "RU.STN.Ussuriysk",
        "to_station_id": "RU.STN.Spassk-Dalniy",
        "geometry_source": "auto_combined_csv",
        "geometry_quality": "historic_approx",
        "is_current": null,
        "notes": "Auto-generated from ready_railways_from_afonina.csv"
      }
    },
    {
      "type": "Feature",
      "geometry": {
        "type": "LineString",
        "coordinates": [
          [
            51.8494704,
            37.7229528
          ],
          [
            51.6799428,
            39.2061186
          ]
        ]
      },
      "properties": {
        "segment_id": "SEG_AUTO_000211",
        "from_station_id": "RU.STN.Kshen",
        "to_station_id": "RU.STN.Voronezh_1",
        "geometry_source": "auto_combined_csv",
        "geometry_quality": "historic_approx",
        "is_current": null,
        "notes": "Auto-generated from ready_railways_from_afonina.csv"
      }
    },
    {
      "type": "Feature",
      "geometry": {
        "type": "LineString",
        "coordinates": [
          [
            44.604581,
            132.8243722
          ],
          [
            45.3153671,
            133.3636914
          ]
        ]
      },
      "properties": {
        "segment_id": "SEG_AUTO_000212",
        "from_station_id": "RU.STN.Spassk-Dalniy",
        "to_station_id": "RU.STN.Kabarga",
        "geometry_source": "auto_combined_csv",
        "geometry_quality": "historic_approx",
        "is_current": null,
        "notes": "Auto-generated from ready_railways_from_afonina.csv"
      }
    },
    {
      "type": "Feature",
      "geometry": {
        "type": "LineString",
        "coordinates": [
          [
            64.3908056,
            40.6041076
          ],
          [
            60.0391652,
            29.9772793
          ]
        ]
      },
      "properties": {
        "segment_id": "SEG_AUTO_000213",
        "from_station_id": "RU.STN.Lakhta-1",
        "to_station_id": "RU.STN.Gorskaya",
        "geometry_source": "auto_combined_csv",
        "geometry_quality": "historic_approx",
        "is_current": null,
        "notes": "Auto-generated from ready_railways_from_afonina.csv"
      }
    },
    {
      "type": "Feature",
      "geometry": {
        "type": "LineString",
        "coordinates": [
          [
            56.7505132,
            60.759751
          ],
          [
            60.0144133,
            30.0123325
          ]
        ]
      },
      "properties": {
        "segment_id": "SEG_AUTO_000214",
        "from_station_id": "RU.STN.Razdelnaya",
        "to_station_id": "RU.STN.Lisiy_Nos",
        "geometry_source": "auto_combined_csv",
        "geometry_quality": "historic_approx",
        "is_current": null,
        "notes": "Auto-generated from ready_railways_from_afonina.csv"
      }
    },
    {
      "type": "Feature",
      "geometry": {
        "type": "LineString",
        "coordinates": [
          [
            60.0391652,
            29.9772793
          ],
          [
            60.0922691,
            29.9588292
          ]
        ]
      },
      "properties": {
        "segment_id": "SEG_AUTO_000215",
        "from_station_id": "RU.STN.Gorskaya",
        "to_station_id": "RU.STN.Sestroretsk-1",
        "geometry_source": "auto_combined_csv",
        "geometry_quality": "historic_approx",
        "is_current": null,
        "notes": "Auto-generated from ready_railways_from_afonina.csv"
      }
    },
    {
      "type": "Feature",
      "geometry": {
        "type": "LineString",
        "coordinates": [
          [
            45.3153671,
            133.3636914
          ],
          [
            45.8765405,
            133.6455245
          ]
        ]
      },
      "properties": {
        "segment_id": "SEG_AUTO_000216",
        "from_station_id": "RU.STN.Kabarga",
        "to_station_id": "RU.STN.Lazo",
        "geometry_source": "auto_combined_csv",
        "geometry_quality": "historic_approx",
        "is_current": null,
        "notes": "Auto-generated from ready_railways_from_afonina.csv"
      }
    },
    {
      "type": "Feature",
      "geometry": {
        "type": "LineString",
        "coordinates": [
          [
            45.8765405,
            133.6455245
          ],
          [
            45.9353683,
            133.7234857
          ]
        ]
      },
      "properties": {
        "segment_id": "SEG_AUTO_000217",
        "from_station_id": "RU.STN.Lazo",
        "to_station_id": "RU.STN.Dalnerechensk_I",
        "geometry_source": "auto_combined_csv",
        "geometry_quality": "historic_approx",
        "is_current": null,
        "notes": "Auto-generated from ready_railways_from_afonina.csv"
      }
    },
    {
      "type": "Feature",
      "geometry": {
        "type": "LineString",
        "coordinates": [
          [
            57.0030175,
            39.2738478
          ],
          [
            52.0695535,
            47.3469597
          ]
        ]
      },
      "properties": {
        "segment_id": "SEG_AUTO_000218",
        "from_station_id": "RU.STN.Petrovsk",
        "to_station_id": "RU.STN.Privolskaya",
        "geometry_source": "auto_combined_csv",
        "geometry_quality": "historic_approx",
        "is_current": null,
        "notes": "Auto-generated from ready_railways_from_afonina.csv"
      }
    },
    {
      "type": "Feature",
      "geometry": {
        "type": "LineString",
        "coordinates": [
          [
            51.2366096,
            46.9769728
          ],
          [
            50.9566681,
            46.9756731
          ]
        ]
      },
      "properties": {
        "segment_id": "SEG_AUTO_000219",
        "from_station_id": "RU.STN.Urbakh",
        "to_station_id": "RU.STN.Krasnyy_Kut",
        "geometry_source": "auto_combined_csv",
        "geometry_quality": "historic_approx",
        "is_current": null,
        "notes": "Auto-generated from ready_railways_from_afonina.csv"
      }
    },
    {
      "type": "Feature",
      "geometry": {
        "type": "LineString",
        "coordinates": [
          [
            50.9566681,
            46.9756731
          ],
          [
            50.1337619,
            48.5356484
          ]
        ]
      },
      "properties": {
        "segment_id": "SEG_AUTO_000220",
        "from_station_id": "RU.STN.Krasnyy_Kut",
        "to_station_id": "RU.STN.Aleksandrov_Gay",
        "geometry_source": "auto_combined_csv",
        "geometry_quality": "historic_approx",
        "is_current": null,
        "notes": "Auto-generated from ready_railways_from_afonina.csv"
      }
    },
    {
      "type": "Feature",
      "geometry": {
        "type": "LineString",
        "coordinates": [
          [
            51.1211199,
            40.7243371
          ],
          [
            50.8173175,
            40.6463091
          ]
        ]
      },
      "properties": {
        "segment_id": "SEG_AUTO_000221",
        "from_station_id": "RU.STN.Talovaya",
        "to_station_id": "RU.STN.Buturlinovka",
        "geometry_source": "auto_combined_csv",
        "geometry_quality": "historic_approx",
        "is_current": null,
        "notes": "Auto-generated from ready_railways_from_afonina.csv"
      }
    },
    {
      "type": "Feature",
      "geometry": {
        "type": "LineString",
        "coordinates": [
          [
            50.8173175,
            40.6463091
          ],
          [
            50.4215002,
            40.9822581
          ]
        ]
      },
      "properties": {
        "segment_id": "SEG_AUTO_000222",
        "from_station_id": "RU.STN.Buturlinovka",
        "to_station_id": "RU.STN.Kalach",
        "geometry_source": "auto_combined_csv",
        "geometry_quality": "historic_approx",
        "is_current": null,
        "notes": "Auto-generated from ready_railways_from_afonina.csv"
      }
    },
    {
      "type": "Feature",
      "geometry": {
        "type": "LineString",
        "coordinates": [
          [
            55.1411307,
            61.4167159
          ],
          [
            54.9395932,
            73.3863983
          ]
        ]
      },
      "properties": {
        "segment_id": "SEG_AUTO_000223",
        "from_station_id": "RU.STN.Chelyabinsk-Glavnyy",
        "to_station_id": "RU.STN.Omsk-Passazhirskiy",
        "geometry_source": "auto_combined_csv",
        "geometry_quality": "historic_approx",
        "is_current": null,
        "notes": "Auto-generated from ready_railways_from_afonina.csv"
      }
    },
    {
      "type": "Feature",
      "geometry": {
        "type": "LineString",
        "coordinates": [
          [
            54.9395932,
            73.3863983
          ],
          [
            55.0351795,
            82.8948914
          ]
        ]
      },
      "properties": {
        "segment_id": "SEG_AUTO_000224",
        "from_station_id": "RU.STN.Omsk-Passazhirskiy",
        "to_station_id": "RU.STN.Novosibirsk-Glavnyy",
        "geometry_source": "auto_combined_csv",
        "geometry_quality": "historic_approx",
        "is_current": null,
        "notes": "Auto-generated from ready_railways_from_afonina.csv"
      }
    },
    {
      "type": "Feature",
      "geometry": {
        "type": "LineString",
        "coordinates": [
          [
            54.9395932,
            73.3863983
          ],
          [
            54.9467032,
            73.4416857
          ]
        ]
      },
      "properties": {
        "segment_id": "SEG_AUTO_000225",
        "from_station_id": "RU.STN.Omsk-Passazhirskiy",
        "to_station_id": "RU.STN.Omsk-Vostochnyy",
        "geometry_source": "auto_combined_csv",
        "geometry_quality": "historic_approx",
        "is_current": null,
        "notes": "Auto-generated from ready_railways_from_afonina.csv"
      }
    },
    {
      "type": "Feature",
      "geometry": {
        "type": "LineString",
        "coordinates": [
          [
            56.8590244,
            60.6058587
          ],
          [
            55.1411307,
            61.4167159
          ]
        ]
      },
      "properties": {
        "segment_id": "SEG_AUTO_000226",
        "from_station_id": "RU.STN.Ekaterinburg-Passazhirskiy",
        "to_station_id": "RU.STN.Chelyabinsk-Glavnyy",
        "geometry_source": "auto_combined_csv",
        "geometry_quality": "historic_approx",
        "is_current": null,
        "notes": "Auto-generated from ready_railways_from_afonina.csv"
      }
    },
    {
      "type": "Feature",
      "geometry": {
        "type": "LineString",
        "coordinates": [
          [
            56.8590244,
            60.6058587
          ],
          [
            55.1411307,
            61.4167159
          ]
        ]
      },
      "properties": {
        "segment_id": "SEG_AUTO_000227",
        "from_station_id": "RU.STN.Ekaterinburg-Passazhirskiy",
        "to_station_id": "RU.STN.Chelyabinsk-Glavnyy",
        "geometry_source": "auto_combined_csv",
        "geometry_quality": "historic_approx",
        "is_current": null,
        "notes": "Auto-generated from ready_railways_from_afonina.csv"
      }
    },
    {
      "type": "Feature",
      "geometry": {
        "type": "LineString",
        "coordinates": [
          [
            50.5930725,
            36.6058803
          ],
          [
            59.9366664,
            60.0789119
          ]
        ]
      },
      "properties": {
        "segment_id": "SEG_AUTO_000228",
        "from_station_id": "RU.STN.Belgorod",
        "to_station_id": "RU.STN.Volchansk",
        "geometry_source": "auto_combined_csv",
        "geometry_quality": "historic_approx",
        "is_current": null,
        "notes": "Auto-generated from ready_railways_from_afonina.csv"
      }
    },
    {
      "type": "Feature",
      "geometry": {
        "type": "LineString",
        "coordinates": [
          [
            57.0178157,
            40.9800828
          ],
          [
            56.8575122,
            40.5647493
          ]
        ]
      },
      "properties": {
        "segment_id": "SEG_AUTO_000229",
        "from_station_id": "RU.STN.Ivanovo",
        "to_station_id": "RU.STN.Teykovo",
        "geometry_source": "auto_combined_csv",
        "geometry_quality": "historic_approx",
        "is_current": null,
        "notes": "Auto-generated from ready_railways_from_afonina.csv"
      }
    },
    {
      "type": "Feature",
      "geometry": {
        "type": "LineString",
        "coordinates": [
          [
            51.4562987,
            45.9579467
          ],
          [
            51.4164441,
            45.951307
          ]
        ]
      },
      "properties": {
        "segment_id": "SEG_AUTO_000230",
        "from_station_id": "RU.STN.Knyazevka",
        "to_station_id": "RU.STN.Neftyanaya",
        "geometry_source": "auto_combined_csv",
        "geometry_quality": "historic_approx",
        "is_current": null,
        "notes": "Auto-generated from ready_railways_from_afonina.csv"
      }
    },
    {
      "type": "Feature",
      "geometry": {
        "type": "LineString",
        "coordinates": [
          [
            51.8824616,
            43.3613252
          ],
          [
            51.9721951,
            43.2732584
          ]
        ]
      },
      "properties": {
        "segment_id": "SEG_AUTO_000231",
        "from_station_id": "RU.STN.Letyazhevka",
        "to_station_id": "RU.STN.Turki",
        "geometry_source": "auto_combined_csv",
        "geometry_quality": "historic_approx",
        "is_current": null,
        "notes": "Auto-generated from ready_railways_from_afonina.csv"
      }
    },
    {
      "type": "Feature",
      "geometry": {
        "type": "LineString",
        "coordinates": [
          [
            60.0843685,
            30.8843096
          ],
          [
            60.0968163,
            30.9651221
          ]
        ]
      },
      "properties": {
        "segment_id": "SEG_AUTO_000232",
        "from_station_id": "RU.STN.Irinovka",
        "to_station_id": "RU.STN.Borisova_Griva",
        "geometry_source": "auto_combined_csv",
        "geometry_quality": "historic_approx",
        "is_current": null,
        "notes": "Auto-generated from ready_railways_from_afonina.csv"
      }
    },
    {
      "type": "Feature",
      "geometry": {
        "type": "LineString",
        "coordinates": [
          [
            45.4355018,
            40.571189
          ],
          [
            45.0554711,
            42.0000482
          ]
        ]
      },
      "properties": {
        "segment_id": "SEG_AUTO_000233",
        "from_station_id": "RU.STN.Kavkazskaya",
        "to_station_id": "RU.STN.Stavropol",
        "geometry_source": "auto_combined_csv",
        "geometry_quality": "historic_approx",
        "is_current": null,
        "notes": "Auto-generated from ready_railways_from_afonina.csv"
      }
    },
    {
      "type": "Feature",
      "geometry": {
        "type": "LineString",
        "coordinates": [
          [
            44.1202168,
            43.0768099
          ],
          [
            44.1310039,
            43.0260516
          ]
        ]
      },
      "properties": {
        "segment_id": "SEG_AUTO_000234",
        "from_station_id": "RU.STN.Beshtau",
        "to_station_id": "RU.STN.Zheleznovodsk",
        "geometry_source": "auto_combined_csv",
        "geometry_quality": "historic_approx",
        "is_current": null,
        "notes": "Auto-generated from ready_railways_from_afonina.csv"
      }
    },
    {
      "type": "Feature",
      "geometry": {
        "type": "LineString",
        "coordinates": [
          [
            51.8810496,
            39.5909674
          ],
          [
            51.4821162,
            40.4204956
          ]
        ]
      },
      "properties": {
        "segment_id": "SEG_AUTO_000235",
        "from_station_id": "RU.STN.Grafskaya",
        "to_station_id": "RU.STN.Anna",
        "geometry_source": "auto_combined_csv",
        "geometry_quality": "historic_approx",
        "is_current": null,
        "notes": "Auto-generated from ready_railways_from_afonina.csv"
      }
    },
    {
      "type": "Feature",
      "geometry": {
        "type": "LineString",
        "coordinates": [
          [
            52.6059442,
            38.5257454
          ],
          [
            50.1998731,
            38.1220901
          ]
        ]
      },
      "properties": {
        "segment_id": "SEG_AUTO_000236",
        "from_station_id": "RU.STN.Elets",
        "to_station_id": "RU.STN.Valuyki",
        "geometry_source": "auto_combined_csv",
        "geometry_quality": "historic_approx",
        "is_current": null,
        "notes": "Auto-generated from ready_railways_from_afonina.csv"
      }
    },
    {
      "type": "Feature",
      "geometry": {
        "type": "LineString",
        "coordinates": [
          [
            53.2801456,
            51.1740807
          ],
          [
            53.3452222,
            51.1692156
          ]
        ]
      },
      "properties": {
        "segment_id": "SEG_AUTO_000237",
        "from_station_id": "RU.STN.Krotovka",
        "to_station_id": "RU.STN.Timashevo",
        "geometry_source": "auto_combined_csv",
        "geometry_quality": "historic_approx",
        "is_current": null,
        "notes": "Auto-generated from ready_railways_from_afonina.csv"
      }
    },
    {
      "type": "Feature",
      "geometry": {
        "type": "LineString",
        "coordinates": [
          [
            45.9353683,
            133.7234857
          ],
          [
            48.4969513,
            135.0730118
          ]
        ]
      },
      "properties": {
        "segment_id": "SEG_AUTO_000238",
        "from_station_id": "RU.STN.Dalnerechensk_I",
        "to_station_id": "RU.STN.Khabarovsk_I",
        "geometry_source": "auto_combined_csv",
        "geometry_quality": "historic_approx",
        "is_current": null,
        "notes": "Auto-generated from ready_railways_from_afonina.csv"
      }
    },
    {
      "type": "Feature",
      "geometry": {
        "type": "LineString",
        "coordinates": [
          [
            53.252162,
            39.9582395
          ],
          [
            53.7873736,
            39.24057
          ]
        ]
      },
      "properties": {
        "segment_id": "SEG_AUTO_000239",
        "from_station_id": "RU.STN.Ranenburg",
        "to_station_id": "RU.STN.Pavelets-Tulskiy",
        "geometry_source": "auto_combined_csv",
        "geometry_quality": "historic_approx",
        "is_current": null,
        "notes": "Auto-generated from ready_railways_from_afonina.csv"
      }
    },
    {
      "type": "Feature",
      "geometry": {
        "type": "LineString",
        "coordinates": [
          [
            55.0351795,
            82.8948914
          ],
          [
            56.0058407,
            92.8293836
          ]
        ]
      },
      "properties": {
        "segment_id": "SEG_AUTO_000240",
        "from_station_id": "RU.STN.Novosibirsk-Glavnyy",
        "to_station_id": "RU.STN.Krasnoyarsk",
        "geometry_source": "auto_combined_csv",
        "geometry_quality": "historic_approx",
        "is_current": null,
        "notes": "Auto-generated from ready_railways_from_afonina.csv"
      }
    },
    {
      "type": "Feature",
      "geometry": {
        "type": "LineString",
        "coordinates": [
          [
            57.7804348,
            37.1618894
          ],
          [
            57.3527726,
            37.5896134
          ]
        ]
      },
      "properties": {
        "segment_id": "SEG_AUTO_000241",
        "from_station_id": "RU.STN.Sonkovo",
        "to_station_id": "RU.STN.Kashin",
        "geometry_source": "auto_combined_csv",
        "geometry_quality": "historic_approx",
        "is_current": null,
        "notes": "Auto-generated from ready_railways_from_afonina.csv"
      }
    },
    {
      "type": "Feature",
      "geometry": {
        "type": "LineString",
        "coordinates": [
          [
            57.625402,
            39.8349726
          ],
          [
            58.0416652,
            38.8337664
          ]
        ]
      },
      "properties": {
        "segment_id": "SEG_AUTO_000242",
        "from_station_id": "RU.STN.Yaroslavl-Glavnyy",
        "to_station_id": "RU.STN.Rybinsk-Passazhirskiy",
        "geometry_source": "auto_combined_csv",
        "geometry_quality": "historic_approx",
        "is_current": null,
        "notes": "Auto-generated from ready_railways_from_afonina.csv"
      }
    },
    {
      "type": "Feature",
      "geometry": {
        "type": "LineString",
        "coordinates": [
          [
            59.2063463,
            39.8846887
          ],
          [
            64.5509604,
            40.5746796
          ]
        ]
      },
      "properties": {
        "segment_id": "SEG_AUTO_000243",
        "from_station_id": "RU.STN.Vologda_I",
        "to_station_id": "RU.STN.Arkhangelsk-Gorod",
        "geometry_source": "auto_combined_csv",
        "geometry_quality": "historic_approx",
        "is_current": null,
        "notes": "Auto-generated from ready_railways_from_afonina.csv"
      }
    },
    {
      "type": "Feature",
      "geometry": {
        "type": "LineString",
        "coordinates": [
          [
            48.5914465,
            39.3543222
          ],
          [
            48.9210365,
            40.3933077
          ]
        ]
      },
      "properties": {
        "segment_id": "SEG_AUTO_000244",
        "from_station_id": "UA.STN.Lugansk-Pvnchniy",
        "to_station_id": "RU.STN.Millerovo",
        "geometry_source": "auto_combined_csv",
        "geometry_quality": "historic_approx",
        "is_current": null,
        "notes": "Auto-generated from ready_railways_from_afonina.csv"
      }
    },
    {
      "type": "Feature",
      "geometry": {
        "type": "LineString",
        "coordinates": [
          [
            53.3452222,
            51.1692156
          ],
          [
            61.2904208,
            73.3233826
          ]
        ]
      },
      "properties": {
        "segment_id": "SEG_AUTO_000245",
        "from_station_id": "RU.STN.Timashevo",
        "to_station_id": "RU.STN.Surgut",
        "geometry_source": "auto_combined_csv",
        "geometry_quality": "historic_approx",
        "is_current": null,
        "notes": "Auto-generated from ready_railways_from_afonina.csv"
      }
    },
    {
      "type": "Feature",
      "geometry": {
        "type": "LineString",
        "coordinates": [
          [
            54.0553965,
            44.9489694
          ],
          [
            53.1613797,
            48.6682695
          ]
        ]
      },
      "properties": {
        "segment_id": "SEG_AUTO_000246",
        "from_station_id": "RU.STN.Ruzaevka",
        "to_station_id": "RU.STN.Oktyabrsk",
        "geometry_source": "auto_combined_csv",
        "geometry_quality": "historic_approx",
        "is_current": null,
        "notes": "Auto-generated from ready_railways_from_afonina.csv"
      }
    },
    {
      "type": "Feature",
      "geometry": {
        "type": "LineString",
        "coordinates": [
          [
            56.0058407,
            92.8293836
          ],
          [
            52.3370015,
            104.213975
          ]
        ]
      },
      "properties": {
        "segment_id": "SEG_AUTO_000247",
        "from_station_id": "RU.STN.Krasnoyarsk",
        "to_station_id": "RU.STN.Irkutsk-Sortirovochnyy",
        "geometry_source": "auto_combined_csv",
        "geometry_quality": "historic_approx",
        "is_current": null,
        "notes": "Auto-generated from ready_railways_from_afonina.csv"
      }
    },
    {
      "type": "Feature",
      "geometry": {
        "type": "LineString",
        "coordinates": [
          [
            52.3370015,
            104.213975
          ],
          [
            52.2826492,
            104.2605399
          ]
        ]
      },
      "properties": {
        "segment_id": "SEG_AUTO_000248",
        "from_station_id": "RU.STN.Irkutsk-Sortirovochnyy",
        "to_station_id": "RU.STN.Irkutsk-Passazhirskiy",
        "geometry_source": "auto_combined_csv",
        "geometry_quality": "historic_approx",
        "is_current": null,
        "notes": "Auto-generated from ready_railways_from_afonina.csv"
      }
    },
    {
      "type": "Feature",
      "geometry": {
        "type": "LineString",
        "coordinates": [
          [
            51.8863564,
            36.7337817
          ],
          [
            52.2186701,
            37.0278637
          ]
        ]
      },
      "properties": {
        "segment_id": "SEG_AUTO_000249",
        "from_station_id": "RU.STN.Okhochevka",
        "to_station_id": "RU.STN.Kolpny",
        "geometry_source": "auto_combined_csv",
        "geometry_quality": "historic_approx",
        "is_current": null,
        "notes": "Auto-generated from ready_railways_from_afonina.csv"
      }
    },
    {
      "type": "Feature",
      "geometry": {
        "type": "LineString",
        "coordinates": [
          [
            55.7784041,
            37.6567616
          ],
          [
            53.2629041,
            34.4062012
          ]
        ]
      },
      "properties": {
        "segment_id": "SEG_AUTO_000250",
        "from_station_id": "RU.STN.Moscow_Yaroslavsky_railway_station",
        "to_station_id": "RU.STN.Bryansk-Orlovskiy",
        "geometry_source": "auto_combined_csv",
        "geometry_quality": "historic_approx",
        "is_current": null,
        "notes": "Auto-generated from ready_railways_from_afonina.csv"
      }
    },
    {
      "type": "Feature",
      "geometry": {
        "type": "LineString",
        "coordinates": [
          [
            57.7804348,
            37.1618894
          ],
          [
            58.0487401,
            37.1053844
          ]
        ]
      },
      "properties": {
        "segment_id": "SEG_AUTO_000251",
        "from_station_id": "RU.STN.Sonkovo",
        "to_station_id": "RU.STN.Krasnyy_Kholm",
        "geometry_source": "auto_combined_csv",
        "geometry_quality": "historic_approx",
        "is_current": null,
        "notes": "Auto-generated from ready_railways_from_afonina.csv"
      }
    },
    {
      "type": "Feature",
      "geometry": {
        "type": "LineString",
        "coordinates": [
          [
            52.6479849,
            42.3856305
          ],
          [
            52.3198244,
            42.4804454
          ]
        ]
      },
      "properties": {
        "segment_id": "SEG_AUTO_000252",
        "from_station_id": "RU.STN.Inokovka",
        "to_station_id": "RU.STN.Inzhavino",
        "geometry_source": "auto_combined_csv",
        "geometry_quality": "historic_approx",
        "is_current": null,
        "notes": "Auto-generated from ready_railways_from_afonina.csv"
      }
    },
    {
      "type": "Feature",
      "geometry": {
        "type": "LineString",
        "coordinates": [
          [
            54.6337015,
            39.713368
          ],
          [
            55.1449754,
            40.5465868
          ]
        ]
      },
      "properties": {
        "segment_id": "SEG_AUTO_000253",
        "from_station_id": "RU.STN.Ryazan-1",
        "to_station_id": "RU.STN.Tumskaya",
        "geometry_source": "auto_combined_csv",
        "geometry_quality": "historic_approx",
        "is_current": null,
        "notes": "Auto-generated from ready_railways_from_afonina.csv"
      }
    },
    {
      "type": "Feature",
      "geometry": {
        "type": "LineString",
        "coordinates": [
          [
            58.0047837,
            56.1798837
          ],
          [
            58.578263,
            49.6523244
          ]
        ]
      },
      "properties": {
        "segment_id": "SEG_AUTO_000254",
        "from_station_id": "RU.STN.Perm-2",
        "to_station_id": "RU.STN.Kirov-Passazhirskiy",
        "geometry_source": "auto_combined_csv",
        "geometry_quality": "historic_approx",
        "is_current": null,
        "notes": "Auto-generated from ready_railways_from_afonina.csv"
      }
    },
    {
      "type": "Feature",
      "geometry": {
        "type": "LineString",
        "coordinates": [
          [
            58.0199176,
            56.2514964
          ],
          [
            58.0047837,
            56.1798837
          ]
        ]
      },
      "properties": {
        "segment_id": "SEG_AUTO_000255",
        "from_station_id": "RU.STN.Perm_I",
        "to_station_id": "RU.STN.Perm-2",
        "geometry_source": "auto_combined_csv",
        "geometry_quality": "historic_approx",
        "is_current": null,
        "notes": "Auto-generated from ready_railways_from_afonina.csv"
      }
    },
    {
      "type": "Feature",
      "geometry": {
        "type": "LineString",
        "coordinates": [
          [
            58.578263,
            49.6523244
          ],
          [
            61.2569543,
            46.6294444
          ]
        ]
      },
      "properties": {
        "segment_id": "SEG_AUTO_000256",
        "from_station_id": "RU.STN.Kirov-Passazhirskiy",
        "to_station_id": "RU.STN.Kotlas-Yuzhnyy",
        "geometry_source": "auto_combined_csv",
        "geometry_quality": "historic_approx",
        "is_current": null,
        "notes": "Auto-generated from ready_railways_from_afonina.csv"
      }
    },
    {
      "type": "Feature",
      "geometry": {
        "type": "LineString",
        "coordinates": [
          [
            60.078873,
            29.9681527
          ],
          [
            60.0922691,
            29.9588292
          ]
        ]
      },
      "properties": {
        "segment_id": "SEG_AUTO_000257",
        "from_station_id": "RU.STN.Razliv",
        "to_station_id": "RU.STN.Sestroretsk-1",
        "geometry_source": "auto_combined_csv",
        "geometry_quality": "historic_approx",
        "is_current": null,
        "notes": "Auto-generated from ready_railways_from_afonina.csv"
      }
    },
    {
      "type": "Feature",
      "geometry": {
        "type": "LineString",
        "coordinates": [
          [
            53.258497,
            39.1541254
          ],
          [
            54.7983928,
            32.0344681
          ]
        ]
      },
      "properties": {
        "segment_id": "SEG_AUTO_000258",
        "from_station_id": "RU.STN.Dankov",
        "to_station_id": "RU.STN.Smolensk-Tsentralnyy",
        "geometry_source": "auto_combined_csv",
        "geometry_quality": "historic_approx",
        "is_current": null,
        "notes": "Auto-generated from ready_railways_from_afonina.csv"
      }
    },
    {
      "type": "Feature",
      "geometry": {
        "type": "LineString",
        "coordinates": [
          [
            43.801559,
            131.9812104
          ],
          [
            44.4067496,
            131.3741612
          ]
        ]
      },
      "properties": {
        "segment_id": "SEG_AUTO_000259",
        "from_station_id": "RU.STN.Ussuriysk",
        "to_station_id": "RU.STN.Grodekovo",
        "geometry_source": "auto_combined_csv",
        "geometry_quality": "historic_approx",
        "is_current": null,
        "notes": "Auto-generated from ready_railways_from_afonina.csv"
      }
    },
    {
      "type": "Feature",
      "geometry": {
        "type": "LineString",
        "coordinates": [
          [
            52.5952518,
            32.7589623
          ],
          [
            52.8419936,
            32.6785251
          ]
        ]
      },
      "properties": {
        "segment_id": "SEG_AUTO_000260",
        "from_station_id": "RU.STN.Starodub",
        "to_station_id": "RU.STN.Unecha",
        "geometry_source": "auto_combined_csv",
        "geometry_quality": "historic_approx",
        "is_current": null,
        "notes": "Auto-generated from ready_railways_from_afonina.csv"
      }
    },
    {
      "type": "Feature",
      "geometry": {
        "type": "LineString",
        "coordinates": [
          [
            48.1561583,
            40.1916216
          ],
          [
            48.6339516,
            43.7191851
          ]
        ]
      },
      "properties": {
        "segment_id": "SEG_AUTO_000261",
        "from_station_id": "RU.STN.Likhaya",
        "to_station_id": "RU.STN.Krivomuzginskaya",
        "geometry_source": "auto_combined_csv",
        "geometry_quality": "historic_approx",
        "is_current": null,
        "notes": "Auto-generated from ready_railways_from_afonina.csv"
      }
    },
    {
      "type": "Feature",
      "geometry": {
        "type": "LineString",
        "coordinates": [
          [
            49.8895725,
            28.6131692
          ],
          [
            56.9124076,
            60.6329019
          ]
        ]
      },
      "properties": {
        "segment_id": "SEG_AUTO_000262",
        "from_station_id": "UA.STN.Berdychiv",
        "to_station_id": "RU.STN.Kalinovka",
        "geometry_source": "auto_combined_csv",
        "geometry_quality": "historic_approx",
        "is_current": null,
        "notes": "Auto-generated from ready_railways_from_afonina.csv"
      }
    },
    {
      "type": "Feature",
      "geometry": {
        "type": "LineString",
        "coordinates": [
          [
            49.8895725,
            28.6131692
          ],
          [
            56.9124076,
            60.6329019
          ]
        ]
      },
      "properties": {
        "segment_id": "SEG_AUTO_000263",
        "from_station_id": "UA.STN.Berdychiv",
        "to_station_id": "RU.STN.Kalinovka",
        "geometry_source": "auto_combined_csv",
        "geometry_quality": "historic_approx",
        "is_current": null,
        "notes": "Auto-generated from ready_railways_from_afonina.csv"
      }
    },
    {
      "type": "Feature",
      "geometry": {
        "type": "LineString",
        "coordinates": [
          [
            52.2826492,
            104.2605399
          ],
          [
            51.8703899,
            104.809185
          ]
        ]
      },
      "properties": {
        "segment_id": "SEG_AUTO_000264",
        "from_station_id": "RU.STN.Irkutsk-Passazhirskiy",
        "to_station_id": "RU.STN.Baykal",
        "geometry_source": "auto_combined_csv",
        "geometry_quality": "historic_approx",
        "is_current": null,
        "notes": "Auto-generated from ready_railways_from_afonina.csv"
      }
    },
    {
      "type": "Feature",
      "geometry": {
        "type": "LineString",
        "coordinates": [
          [
            51.7183817,
            105.8634541
          ],
          [
            51.6314509,
            114.5005939
          ]
        ]
      },
      "properties": {
        "segment_id": "SEG_AUTO_000265",
        "from_station_id": "RU.STN.Mysovaya",
        "to_station_id": "RU.STN.Tarskaya",
        "geometry_source": "auto_combined_csv",
        "geometry_quality": "historic_approx",
        "is_current": null,
        "notes": "Auto-generated from ready_railways_from_afonina.csv"
      }
    },
    {
      "type": "Feature",
      "geometry": {
        "type": "LineString",
        "coordinates": [
          [
            51.6314509,
            114.5005939
          ],
          [
            52.2510273,
            117.6950937
          ]
        ]
      },
      "properties": {
        "segment_id": "SEG_AUTO_000266",
        "from_station_id": "RU.STN.Tarskaya",
        "to_station_id": "RU.STN.Sretensk",
        "geometry_source": "auto_combined_csv",
        "geometry_quality": "historic_approx",
        "is_current": null,
        "notes": "Auto-generated from ready_railways_from_afonina.csv"
      }
    },
    {
      "type": "Feature",
      "geometry": {
        "type": "LineString",
        "coordinates": [
          [
            51.8810496,
            39.5909674
          ],
          [
            51.9072599,
            39.3728619
          ]
        ]
      },
      "properties": {
        "segment_id": "SEG_AUTO_000267",
        "from_station_id": "RU.STN.Grafskaya",
        "to_station_id": "RU.STN.Ramon",
        "geometry_source": "auto_combined_csv",
        "geometry_quality": "historic_approx",
        "is_current": null,
        "notes": "Auto-generated from ready_railways_from_afonina.csv"
      }
    },
    {
      "type": "Feature",
      "geometry": {
        "type": "LineString",
        "coordinates": [
          [
            45.4355018,
            40.571189
          ],
          [
            45.0112333,
            38.9845655
          ]
        ]
      },
      "properties": {
        "segment_id": "SEG_AUTO_000268",
        "from_station_id": "RU.STN.Kavkazskaya",
        "to_station_id": "RU.STN.gorod_Krasnodar",
        "geometry_source": "auto_combined_csv",
        "geometry_quality": "historic_approx",
        "is_current": null,
        "notes": "Auto-generated from ready_railways_from_afonina.csv"
      }
    },
    {
      "type": "Feature",
      "geometry": {
        "type": "LineString",
        "coordinates": [
          [
            57.8237486,
            29.9614346
          ],
          [
            56.3437057,
            30.1474818
          ]
        ]
      },
      "properties": {
        "segment_id": "SEG_AUTO_000269",
        "from_station_id": "RU.STN.Dno-1",
        "to_station_id": "RU.STN.Novosokolniki",
        "geometry_source": "auto_combined_csv",
        "geometry_quality": "historic_approx",
        "is_current": null,
        "notes": "Auto-generated from ready_railways_from_afonina.csv"
      }
    },
    {
      "type": "Feature",
      "geometry": {
        "type": "LineString",
        "coordinates": [
          [
            55.1449754,
            40.5465868
          ],
          [
            56.1295984,
            40.4198825
          ]
        ]
      },
      "properties": {
        "segment_id": "SEG_AUTO_000270",
        "from_station_id": "RU.STN.Tumskaya",
        "to_station_id": "RU.STN.Vladimir",
        "geometry_source": "auto_combined_csv",
        "geometry_quality": "historic_approx",
        "is_current": null,
        "notes": "Auto-generated from ready_railways_from_afonina.csv"
      }
    },
    {
      "type": "Feature",
      "geometry": {
        "type": "LineString",
        "coordinates": [
          [
            51.6314509,
            114.5005939
          ],
          [
            49.3957,
            117.1847
          ]
        ]
      },
      "properties": {
        "segment_id": "SEG_AUTO_000271",
        "from_station_id": "RU.STN.Tarskaya",
        "to_station_id": "RU.STN.Granitsa_Imperii",
        "geometry_source": "auto_combined_csv",
        "geometry_quality": "historic_approx",
        "is_current": null,
        "notes": "Auto-generated from ready_railways_from_afonina.csv"
      }
    },
    {
      "type": "Feature",
      "geometry": {
        "type": "LineString",
        "coordinates": [
          [
            51.555041,
            105.1133011
          ],
          [
            51.7183817,
            105.8634541
          ]
        ]
      },
      "properties": {
        "segment_id": "SEG_AUTO_000272",
        "from_station_id": "RU.STN.Tankhoy-1",
        "to_station_id": "RU.STN.Mysovaya",
        "geometry_source": "auto_combined_csv",
        "geometry_quality": "historic_approx",
        "is_current": null,
        "notes": "Auto-generated from ready_railways_from_afonina.csv"
      }
    },
    {
      "type": "Feature",
      "geometry": {
        "type": "LineString",
        "coordinates": [
          [
            49.3957,
            117.1847
          ],
          [
            49.5841146,
            117.44403
          ]
        ]
      },
      "properties": {
        "segment_id": "SEG_AUTO_000273",
        "from_station_id": "RU.STN.Granitsa_Imperii",
        "to_station_id": "RU.STN.Manzhouli",
        "geometry_source": "auto_combined_csv",
        "geometry_quality": "historic_approx",
        "is_current": null,
        "notes": "Auto-generated from ready_railways_from_afonina.csv"
      }
    },
    {
      "type": "Feature",
      "geometry": {
        "type": "LineString",
        "coordinates": [
          [
            44.4067496,
            131.3741612
          ],
          [
            44.24,
            131.23
          ]
        ]
      },
      "properties": {
        "segment_id": "SEG_AUTO_000274",
        "from_station_id": "RU.STN.Grodekovo",
        "to_station_id": "RU.STN.Pogranichny",
        "geometry_source": "auto_combined_csv",
        "geometry_quality": "historic_approx",
        "is_current": null,
        "notes": "Auto-generated from ready_railways_from_afonina.csv"
      }
    },
    {
      "type": "Feature",
      "geometry": {
        "type": "LineString",
        "coordinates": [
          [
            47.7952653,
            35.1878259
          ],
          [
            47.6016664,
            37.4897753
          ]
        ]
      },
      "properties": {
        "segment_id": "SEG_AUTO_000275",
        "from_station_id": "UA.STN.Zaporzhzhya_1",
        "to_station_id": "UA.STN.Volnovakha",
        "geometry_source": "auto_combined_csv",
        "geometry_quality": "historic_approx",
        "is_current": null,
        "notes": "Auto-generated from ready_railways_from_afonina.csv"
      }
    },
    {
      "type": "Feature",
      "geometry": {
        "type": "LineString",
        "coordinates": [
          [
            53.9778911,
            87.26778
          ],
          [
            52.2233538,
            21.1496097
          ]
        ]
      },
      "properties": {
        "segment_id": "SEG_AUTO_000276",
        "from_station_id": "RU.STN.Most",
        "to_station_id": "PL.STN.Warszawa_Wawer",
        "geometry_source": "auto_combined_csv",
        "geometry_quality": "historic_approx",
        "is_current": null,
        "notes": "Auto-generated from ready_railways_from_afonina.csv"
      }
    },
    {
      "type": "Feature",
      "geometry": {
        "type": "LineString",
        "coordinates": [
          [
            59.7230377,
            30.429679
          ],
          [
            57.8237486,
            29.9614346
          ]
        ]
      },
      "properties": {
        "segment_id": "SEG_AUTO_000277",
        "from_station_id": "RU.STN.Tsarskoe_Selo",
        "to_station_id": "RU.STN.Dno-1",
        "geometry_source": "auto_combined_csv",
        "geometry_quality": "historic_approx",
        "is_current": null,
        "notes": "Auto-generated from ready_railways_from_afonina.csv"
      }
    },
    {
      "type": "Feature",
      "geometry": {
        "type": "LineString",
        "coordinates": [
          [
            56.3437057,
            30.1474818
          ],
          [
            55.1950281,
            30.1846145
          ]
        ]
      },
      "properties": {
        "segment_id": "SEG_AUTO_000278",
        "from_station_id": "RU.STN.Novosokolniki",
        "to_station_id": "BY.STN.Vitebsk",
        "geometry_source": "auto_combined_csv",
        "geometry_quality": "historic_approx",
        "is_current": null,
        "notes": "Auto-generated from ready_railways_from_afonina.csv"
      }
    },
    {
      "type": "Feature",
      "geometry": {
        "type": "LineString",
        "coordinates": [
          [
            51.6584834,
            103.7238875
          ],
          [
            51.555041,
            105.1133011
          ]
        ]
      },
      "properties": {
        "segment_id": "SEG_AUTO_000279",
        "from_station_id": "RU.STN.Slyudyanka_I",
        "to_station_id": "RU.STN.Tankhoy-1",
        "geometry_source": "auto_combined_csv",
        "geometry_quality": "historic_approx",
        "is_current": null,
        "notes": "Auto-generated from ready_railways_from_afonina.csv"
      }
    },
    {
      "type": "Feature",
      "geometry": {
        "type": "LineString",
        "coordinates": [
          [
            51.8703899,
            104.809185
          ],
          [
            51.6584834,
            103.7238875
          ]
        ]
      },
      "properties": {
        "segment_id": "SEG_AUTO_000280",
        "from_station_id": "RU.STN.Baykal",
        "to_station_id": "RU.STN.Slyudyanka_I",
        "geometry_source": "auto_combined_csv",
        "geometry_quality": "historic_approx",
        "is_current": null,
        "notes": "Auto-generated from ready_railways_from_afonina.csv"
      }
    },
    {
      "type": "Feature",
      "geometry": {
        "type": "LineString",
        "coordinates": [
          [
            59.8489161,
            30.4535129
          ],
          [
            59.2063463,
            39.8846887
          ]
        ]
      },
      "properties": {
        "segment_id": "SEG_AUTO_000281",
        "from_station_id": "RU.STN.Obukhovo-1",
        "to_station_id": "RU.STN.Vologda_I",
        "geometry_source": "auto_combined_csv",
        "geometry_quality": "historic_approx",
        "is_current": null,
        "notes": "Auto-generated from ready_railways_from_afonina.csv"
      }
    },
    {
      "type": "Feature",
      "geometry": {
        "type": "LineString",
        "coordinates": [
          [
            49.0345312,
            28.1115461
          ],
          [
            49.5323083,
            26.2084599
          ]
        ]
      },
      "properties": {
        "segment_id": "SEG_AUTO_000282",
        "from_station_id": "UA.STN.Zhmerynka",
        "to_station_id": "UA.STN.Volochysk",
        "geometry_source": "auto_combined_csv",
        "geometry_quality": "historic_approx",
        "is_current": null,
        "notes": "Auto-generated from ready_railways_from_afonina.csv"
      }
    },
    {
      "type": "Feature",
      "geometry": {
        "type": "LineString",
        "coordinates": [
          [
            59.2063463,
            39.8846887
          ],
          [
            58.6272289,
            49.5724592
          ]
        ]
      },
      "properties": {
        "segment_id": "SEG_AUTO_000283",
        "from_station_id": "RU.STN.Vologda_I",
        "to_station_id": "RU.STN.Vyatka",
        "geometry_source": "auto_combined_csv",
        "geometry_quality": "historic_approx",
        "is_current": null,
        "notes": "Auto-generated from ready_railways_from_afonina.csv"
      }
    },
    {
      "type": "Feature",
      "geometry": {
        "type": "LineString",
        "coordinates": [
          [
            59.4144769,
            30.3449482
          ],
          [
            59.3686251,
            30.2977107
          ]
        ]
      },
      "properties": {
        "segment_id": "SEG_AUTO_000284",
        "from_station_id": "RU.STN.Vyritsa",
        "to_station_id": "RU.STN.Poselok",
        "geometry_source": "auto_combined_csv",
        "geometry_quality": "historic_approx",
        "is_current": null,
        "notes": "Auto-generated from ready_railways_from_afonina.csv"
      }
    },
    {
      "type": "Feature",
      "geometry": {
        "type": "LineString",
        "coordinates": [
          [
            50.9566681,
            46.9756731
          ],
          [
            46.7146218,
            48.0372142
          ]
        ]
      },
      "properties": {
        "segment_id": "SEG_AUTO_000285",
        "from_station_id": "RU.STN.Krasnyy_Kut",
        "to_station_id": "RU.STN.Buzan-Pristan",
        "geometry_source": "auto_combined_csv",
        "geometry_quality": "historic_approx",
        "is_current": null,
        "notes": "Auto-generated from ready_railways_from_afonina.csv"
      }
    },
    {
      "type": "Feature",
      "geometry": {
        "type": "LineString",
        "coordinates": [
          [
            46.9380286,
            32.0626893
          ],
          [
            46.6567667,
            32.604504
          ]
        ]
      },
      "properties": {
        "segment_id": "SEG_AUTO_000286",
        "from_station_id": "UA.STN.Mykolayiv",
        "to_station_id": "UA.STN.Kherson-1",
        "geometry_source": "auto_combined_csv",
        "geometry_quality": "historic_approx",
        "is_current": null,
        "notes": "Auto-generated from ready_railways_from_afonina.csv"
      }
    },
    {
      "type": "Feature",
      "geometry": {
        "type": "LineString",
        "coordinates": [
          [
            51.2212513,
            24.7124893
          ],
          [
            50.8450483,
            24.3351332
          ]
        ]
      },
      "properties": {
        "segment_id": "SEG_AUTO_000287",
        "from_station_id": "UA.STN.Kovel",
        "to_station_id": "UA.STN.Volodymyr-Volynskyi",
        "geometry_source": "auto_combined_csv",
        "geometry_quality": "historic_approx",
        "is_current": null,
        "notes": "Auto-generated from ready_railways_from_afonina.csv"
      }
    },
    {
      "type": "Feature",
      "geometry": {
        "type": "LineString",
        "coordinates": [
          [
            46.7146218,
            48.0372142
          ],
          [
            46.360928,
            48.0592303
          ]
        ]
      },
      "properties": {
        "segment_id": "SEG_AUTO_000288",
        "from_station_id": "RU.STN.Buzan-Pristan",
        "to_station_id": "RU.STN.Astrakhan_1",
        "geometry_source": "auto_combined_csv",
        "geometry_quality": "historic_approx",
        "is_current": null,
        "notes": "Auto-generated from ready_railways_from_afonina.csv"
      }
    },
    {
      "type": "Feature",
      "geometry": {
        "type": "LineString",
        "coordinates": [
          [
            58.0047837,
            56.1798837
          ],
          [
            56.8590244,
            60.6058587
          ]
        ]
      },
      "properties": {
        "segment_id": "SEG_AUTO_000289",
        "from_station_id": "RU.STN.Perm-2",
        "to_station_id": "RU.STN.Ekaterinburg-Passazhirskiy",
        "geometry_source": "auto_combined_csv",
        "geometry_quality": "historic_approx",
        "is_current": null,
        "notes": "Auto-generated from ready_railways_from_afonina.csv"
      }
    },
    {
      "type": "Feature",
      "geometry": {
        "type": "LineString",
        "coordinates": [
          [
            55.68208,
            37.8971584
          ],
          [
            55.4091347,
            43.7896326
          ]
        ]
      },
      "properties": {
        "segment_id": "SEG_AUTO_000290",
        "from_station_id": "RU.STN.Lyubertsy_I",
        "to_station_id": "RU.STN.Arzamas-1",
        "geometry_source": "auto_combined_csv",
        "geometry_quality": "historic_approx",
        "is_current": null,
        "notes": "Auto-generated from ready_railways_from_afonina.csv"
      }
    },
    {
      "type": "Feature",
      "geometry": {
        "type": "LineString",
        "coordinates": [
          [
            58.087706,
            60.7590981
          ],
          [
            57.8564922,
            61.6851385
          ]
        ]
      },
      "properties": {
        "segment_id": "SEG_AUTO_000291",
        "from_station_id": "RU.STN.Nizhnyaya_Salda",
        "to_station_id": "RU.STN.Alapaevsk-1",
        "geometry_source": "auto_combined_csv",
        "geometry_quality": "historic_approx",
        "is_current": null,
        "notes": "Auto-generated from ready_railways_from_afonina.csv"
      }
    },
    {
      "type": "Feature",
      "geometry": {
        "type": "LineString",
        "coordinates": [
          [
            57.1456007,
            65.5221798
          ],
          [
            54.9379412,
            73.3287161
          ]
        ]
      },
      "properties": {
        "segment_id": "SEG_AUTO_000292",
        "from_station_id": "RU.STN.Tyumen",
        "to_station_id": "RU.STN.Karbyshevo_1",
        "geometry_source": "auto_combined_csv",
        "geometry_quality": "historic_approx",
        "is_current": null,
        "notes": "Auto-generated from ready_railways_from_afonina.csv"
      }
    },
    {
      "type": "Feature",
      "geometry": {
        "type": "LineString",
        "coordinates": [
          [
            56.1944426,
            61.887319
          ],
          [
            56.0940799,
            63.6095536
          ]
        ]
      },
      "properties": {
        "segment_id": "SEG_AUTO_000293",
        "from_station_id": "RU.STN.Sinarskiy",
        "to_station_id": "RU.STN.Shadrinsk-1",
        "geometry_source": "auto_combined_csv",
        "geometry_quality": "historic_approx",
        "is_current": null,
        "notes": "Auto-generated from ready_railways_from_afonina.csv"
      }
    },
    {
      "type": "Feature",
      "geometry": {
        "type": "LineString",
        "coordinates": [
          [
            55.7784041,
            37.6567616
          ],
          [
            57.625402,
            39.8349726
          ]
        ]
      },
      "properties": {
        "segment_id": "SEG_AUTO_000294",
        "from_station_id": "RU.STN.Moscow_Yaroslavsky_railway_station",
        "to_station_id": "RU.STN.Yaroslavl-Glavnyy",
        "geometry_source": "auto_combined_csv",
        "geometry_quality": "historic_approx",
        "is_current": null,
        "notes": "Auto-generated from ready_railways_from_afonina.csv"
      }
    },
    {
      "type": "Feature",
      "geometry": {
        "type": "LineString",
        "coordinates": [
          [
            57.625402,
            39.8349726
          ],
          [
            57.6557961,
            39.9337255
          ]
        ]
      },
      "properties": {
        "segment_id": "SEG_AUTO_000295",
        "from_station_id": "RU.STN.Yaroslavl-Glavnyy",
        "to_station_id": "RU.STN.Filino-1",
        "geometry_source": "auto_combined_csv",
        "geometry_quality": "historic_approx",
        "is_current": null,
        "notes": "Auto-generated from ready_railways_from_afonina.csv"
      }
    },
    {
      "type": "Feature",
      "geometry": {
        "type": "LineString",
        "coordinates": [
          [
            52.2293223,
            21.0076306
          ],
          [
            52.3306498,
            20.9241957
          ]
        ]
      },
      "properties": {
        "segment_id": "SEG_AUTO_000296",
        "from_station_id": "PL.STN.Warsaw_City_Center",
        "to_station_id": "PL.STN.Lomianki",
        "geometry_source": "auto_combined_csv",
        "geometry_quality": "historic_approx",
        "is_current": null,
        "notes": "Auto-generated from ready_railways_from_afonina.csv"
      }
    },
    {
      "type": "Feature",
      "geometry": {
        "type": "LineString",
        "coordinates": [
          [
            48.5914081,
            37.9860197
          ],
          [
            48.6339659,
            37.9924756
          ]
        ]
      },
      "properties": {
        "segment_id": "SEG_AUTO_000297",
        "from_station_id": "UA.STN.Bakhmut",
        "to_station_id": "UA.STN.Stupki",
        "geometry_source": "auto_combined_csv",
        "geometry_quality": "historic_approx",
        "is_current": null,
        "notes": "Auto-generated from ready_railways_from_afonina.csv"
      }
    },
    {
      "type": "Feature",
      "geometry": {
        "type": "LineString",
        "coordinates": [
          [
            46.4663909,
            30.7403656
          ],
          [
            49.425876,
            32.0503844
          ]
        ]
      },
      "properties": {
        "segment_id": "SEG_AUTO_000298",
        "from_station_id": "UA.STN.Odesa-Holovna",
        "to_station_id": "UA.STN.Cherkasy",
        "geometry_source": "auto_combined_csv",
        "geometry_quality": "historic_approx",
        "is_current": null,
        "notes": "Auto-generated from ready_railways_from_afonina.csv"
      }
    },
    {
      "type": "Feature",
      "geometry": {
        "type": "LineString",
        "coordinates": [
          [
            57.6008332,
            39.8719955
          ],
          [
            57.6061267,
            39.8480008
          ]
        ]
      },
      "properties": {
        "segment_id": "SEG_AUTO_000299",
        "from_station_id": "RU.STN.Yaroslavl",
        "to_station_id": "RU.STN.Kotorosl",
        "geometry_source": "auto_combined_csv",
        "geometry_quality": "historic_approx",
        "is_current": null,
        "notes": "Auto-generated from ready_railways_from_afonina.csv"
      }
    },
    {
      "type": "Feature",
      "geometry": {
        "type": "LineString",
        "coordinates": [
          [
            40.530189,
            70.9140241
          ],
          [
            40.9996539,
            71.6439947
          ]
        ]
      },
      "properties": {
        "segment_id": "SEG_AUTO_000300",
        "from_station_id": "UZ.STN.Kokand_2",
        "to_station_id": "UZ.STN.Namangan",
        "geometry_source": "auto_combined_csv",
        "geometry_quality": "historic_approx",
        "is_current": null,
        "notes": "Auto-generated from ready_railways_from_afonina.csv"
      }
    },
    {
      "type": "Feature",
      "geometry": {
        "type": "LineString",
        "coordinates": [
          [
            49.6704303,
            32.0373658
          ],
          [
            49.425876,
            32.0503844
          ]
        ]
      },
      "properties": {
        "segment_id": "SEG_AUTO_000301",
        "from_station_id": "UA.STN.Avtostantsya_Zolotonosha_AS-3",
        "to_station_id": "UA.STN.Cherkasy",
        "geometry_source": "auto_combined_csv",
        "geometry_quality": "historic_approx",
        "is_current": null,
        "notes": "Auto-generated from ready_railways_from_afonina.csv"
      }
    },
    {
      "type": "Feature",
      "geometry": {
        "type": "LineString",
        "coordinates": [
          [
            54.0180223,
            54.1506981
          ],
          [
            54.0927,
            54.1262
          ]
        ]
      },
      "properties": {
        "segment_id": "SEG_AUTO_000302",
        "from_station_id": "RU.STN.Aksakovo",
        "to_station_id": "RU.STN.Belebey",
        "geometry_source": "auto_combined_csv",
        "geometry_quality": "historic_approx",
        "is_current": null,
        "notes": "Auto-generated from ready_railways_from_afonina.csv"
      }
    },
    {
      "type": "Feature",
      "geometry": {
        "type": "LineString",
        "coordinates": [
          [
            55.3874441,
            51.9784909
          ],
          [
            47.0800581,
            35.3145529
          ]
        ]
      },
      "properties": {
        "segment_id": "SEG_AUTO_000303",
        "from_station_id": "RU.STN.Staryy_Tokmak",
        "to_station_id": "UA.STN.Fedorvka",
        "geometry_source": "auto_combined_csv",
        "geometry_quality": "historic_approx",
        "is_current": null,
        "notes": "Auto-generated from ready_railways_from_afonina.csv"
      }
    },
    {
      "type": "Feature",
      "geometry": {
        "type": "LineString",
        "coordinates": [
          [
            43.62189,
            44.0664932
          ],
          [
            43.49126,
            43.6160696
          ]
        ]
      },
      "properties": {
        "segment_id": "SEG_AUTO_000304",
        "from_station_id": "RU.STN.Kotlyarevskaya",
        "to_station_id": "RU.STN.Nalchik",
        "geometry_source": "auto_combined_csv",
        "geometry_quality": "historic_approx",
        "is_current": null,
        "notes": "Auto-generated from ready_railways_from_afonina.csv"
      }
    },
    {
      "type": "Feature",
      "geometry": {
        "type": "LineString",
        "coordinates": [
          [
            44.1112929,
            43.4240477
          ],
          [
            44.7860875,
            44.1461425
          ]
        ]
      },
      "properties": {
        "segment_id": "SEG_AUTO_000305",
        "from_station_id": "RU.STN.Nezlobnaya",
        "to_station_id": "RU.STN.Budennovsk",
        "geometry_source": "auto_combined_csv",
        "geometry_quality": "historic_approx",
        "is_current": null,
        "notes": "Auto-generated from ready_railways_from_afonina.csv"
      }
    },
    {
      "type": "Feature",
      "geometry": {
        "type": "LineString",
        "coordinates": [
          [
            45.0112333,
            38.9845655
          ],
          [
            46.0399674,
            38.1703555
          ]
        ]
      },
      "properties": {
        "segment_id": "SEG_AUTO_000306",
        "from_station_id": "RU.STN.gorod_Krasnodar",
        "to_station_id": "RU.STN.Akhtari",
        "geometry_source": "auto_combined_csv",
        "geometry_quality": "historic_approx",
        "is_current": null,
        "notes": "Auto-generated from ready_railways_from_afonina.csv"
      }
    },
    {
      "type": "Feature",
      "geometry": {
        "type": "LineString",
        "coordinates": [
          [
            54.5212769,
            52.8096451
          ],
          [
            54.5858205,
            55.3912984
          ]
        ]
      },
      "properties": {
        "segment_id": "SEG_AUTO_000307",
        "from_station_id": "RU.STN.Bugulma",
        "to_station_id": "RU.STN.Chishmy-1",
        "geometry_source": "auto_combined_csv",
        "geometry_quality": "historic_approx",
        "is_current": null,
        "notes": "Auto-generated from ready_railways_from_afonina.csv"
      }
    },
    {
      "type": "Feature",
      "geometry": {
        "type": "LineString",
        "coordinates": [
          [
            52.2233538,
            21.1496097
          ],
          [
            52.078611,
            21.256389
          ]
        ]
      },
      "properties": {
        "segment_id": "SEG_AUTO_000308",
        "from_station_id": "PL.STN.Warszawa_Wawer",
        "to_station_id": "PL.STN.Karczew",
        "geometry_source": "auto_combined_csv",
        "geometry_quality": "historic_approx",
        "is_current": null,
        "notes": "Auto-generated from ready_railways_from_afonina.csv"
      }
    },
    {
      "type": "Feature",
      "geometry": {
        "type": "LineString",
        "coordinates": [
          [
            52.2087683,
            21.0078346
          ],
          [
            52.229722,
            21.009444
          ]
        ]
      },
      "properties": {
        "segment_id": "SEG_AUTO_000309",
        "from_station_id": "PL.STN.Pole_Mokotowskie",
        "to_station_id": "PL.STN.Warszawa_Wiedenska",
        "geometry_source": "auto_combined_csv",
        "geometry_quality": "historic_approx",
        "is_current": null,
        "notes": "Auto-generated from ready_railways_from_afonina.csv"
      }
    },
    {
      "type": "Feature",
      "geometry": {
        "type": "LineString",
        "coordinates": [
          [
            51.7765991,
            55.074565
          ],
          [
            51.2136536,
            58.6193909
          ]
        ]
      },
      "properties": {
        "segment_id": "SEG_AUTO_000310",
        "from_station_id": "RU.STN.Orenburg",
        "to_station_id": "RU.STN.Orsk",
        "geometry_source": "auto_combined_csv",
        "geometry_quality": "historic_approx",
        "is_current": null,
        "notes": "Auto-generated from ready_railways_from_afonina.csv"
      }
    },
    {
      "type": "Feature",
      "geometry": {
        "type": "LineString",
        "coordinates": [
          [
            55.0292927,
            61.1104003
          ],
          [
            53.2273548,
            63.6063471
          ]
        ]
      },
      "properties": {
        "segment_id": "SEG_AUTO_000311",
        "from_station_id": "RU.STN.Poletaevo-I",
        "to_station_id": "KZ.STN.Kostanay",
        "geometry_source": "auto_combined_csv",
        "geometry_quality": "historic_approx",
        "is_current": null,
        "notes": "Auto-generated from ready_railways_from_afonina.csv"
      }
    },
    {
      "type": "Feature",
      "geometry": {
        "type": "LineString",
        "coordinates": [
          [
            40.3170867,
            70.370451
          ],
          [
            40.0388349,
            70.5418085
          ]
        ]
      },
      "properties": {
        "segment_id": "SEG_AUTO_000312",
        "from_station_id": "TJ.STN.Konibodom",
        "to_station_id": "KG.STN.Shurab",
        "geometry_source": "auto_combined_csv",
        "geometry_quality": "historic_approx",
        "is_current": null,
        "notes": "Auto-generated from ready_railways_from_afonina.csv"
      }
    },
    {
      "type": "Feature",
      "geometry": {
        "type": "LineString",
        "coordinates": [
          [
            40.6202111,
            47.1493506
          ],
          [
            39.7639645,
            46.7495347
          ]
        ]
      },
      "properties": {
        "segment_id": "SEG_AUTO_000313",
        "from_station_id": "AZ.STN.Yevlax_Stansiyasi",
        "to_station_id": "AZ.STN.Shusha_terminali",
        "geometry_source": "auto_combined_csv",
        "geometry_quality": "historic_approx",
        "is_current": null,
        "notes": "Auto-generated from ready_railways_from_afonina.csv"
      }
    },
    {
      "type": "Feature",
      "geometry": {
        "type": "LineString",
        "coordinates": [
          [
            53.3513299,
            83.7566961
          ],
          [
            52.535483,
            85.1797996
          ]
        ]
      },
      "properties": {
        "segment_id": "SEG_AUTO_000314",
        "from_station_id": "RU.STN.Barnaul-1",
        "to_station_id": "RU.STN.Biysk-1",
        "geometry_source": "auto_combined_csv",
        "geometry_quality": "historic_approx",
        "is_current": null,
        "notes": "Auto-generated from ready_railways_from_afonina.csv"
      }
    },
    {
      "type": "Feature",
      "geometry": {
        "type": "LineString",
        "coordinates": [
          [
            44.752726,
            39.8940767
          ],
          [
            44.622845,
            40.1080447
          ]
        ]
      },
      "properties": {
        "segment_id": "SEG_AUTO_000315",
        "from_station_id": "RU.STN.Belorechenskaya",
        "to_station_id": "RU.STN.Maykop",
        "geometry_source": "auto_combined_csv",
        "geometry_quality": "historic_approx",
        "is_current": null,
        "notes": "Auto-generated from ready_railways_from_afonina.csv"
      }
    },
    {
      "type": "Feature",
      "geometry": {
        "type": "LineString",
        "coordinates": [
          [
            44.9098935,
            40.5916666
          ],
          [
            44.6462136,
            40.7388001
          ]
        ]
      },
      "properties": {
        "segment_id": "SEG_AUTO_000316",
        "from_station_id": "RU.STN.Kurgannaya",
        "to_station_id": "RU.STN.Labinskaya",
        "geometry_source": "auto_combined_csv",
        "geometry_quality": "historic_approx",
        "is_current": null,
        "notes": "Auto-generated from ready_railways_from_afonina.csv"
      }
    },
    {
      "type": "Feature",
      "geometry": {
        "type": "LineString",
        "coordinates": [
          [
            55.2779173,
            85.6148967
          ],
          [
            55.3442112,
            86.0592156
          ]
        ]
      },
      "properties": {
        "segment_id": "SEG_AUTO_000317",
        "from_station_id": "RU.STN.Topki",
        "to_station_id": "RU.STN.Kemerovo",
        "geometry_source": "auto_combined_csv",
        "geometry_quality": "historic_approx",
        "is_current": null,
        "notes": "Auto-generated from ready_railways_from_afonina.csv"
      }
    },
    {
      "type": "Feature",
      "geometry": {
        "type": "LineString",
        "coordinates": [
          [
            44.9124533,
            38.0039441
          ],
          [
            46.5540996,
            39.6091656
          ]
        ]
      },
      "properties": {
        "segment_id": "SEG_AUTO_000318",
        "from_station_id": "RU.STN.Krymskaya",
        "to_station_id": "RU.STN.Kushchevka",
        "geometry_source": "auto_combined_csv",
        "geometry_quality": "historic_approx",
        "is_current": null,
        "notes": "Auto-generated from ready_railways_from_afonina.csv"
      }
    },
    {
      "type": "Feature",
      "geometry": {
        "type": "LineString",
        "coordinates": [
          [
            52.06878,
            117.0511176
          ],
          [
            48.4969513,
            135.0730118
          ]
        ]
      },
      "properties": {
        "segment_id": "SEG_AUTO_000319",
        "from_station_id": "RU.STN.Kuenga",
        "to_station_id": "RU.STN.Khabarovsk_I",
        "geometry_source": "auto_combined_csv",
        "geometry_quality": "historic_approx",
        "is_current": null,
        "notes": "Auto-generated from ready_railways_from_afonina.csv"
      }
    },
    {
      "type": "Feature",
      "geometry": {
        "type": "LineString",
        "coordinates": [
          [
            57.0422891,
            34.9804503
          ],
          [
            56.8576039,
            33.4638416
          ]
        ]
      },
      "properties": {
        "segment_id": "SEG_AUTO_000320",
        "from_station_id": "RU.STN.Torzhok",
        "to_station_id": "RU.STN.Selizharovo",
        "geometry_source": "auto_combined_csv",
        "geometry_quality": "historic_approx",
        "is_current": null,
        "notes": "Auto-generated from ready_railways_from_afonina.csv"
      }
    },
    {
      "type": "Feature",
      "geometry": {
        "type": "LineString",
        "coordinates": [
          [
            57.0422891,
            34.9804503
          ],
          [
            56.8576039,
            33.4638416
          ]
        ]
      },
      "properties": {
        "segment_id": "SEG_AUTO_000321",
        "from_station_id": "RU.STN.Torzhok",
        "to_station_id": "RU.STN.Selizharovo",
        "geometry_source": "auto_combined_csv",
        "geometry_quality": "historic_approx",
        "is_current": null,
        "notes": "Auto-generated from ready_railways_from_afonina.csv"
      }
    },
    {
      "type": "Feature",
      "geometry": {
        "type": "LineString",
        "coordinates": [
          [
            56.8590244,
            60.6058587
          ],
          [
            58.0502483,
            65.2765479
          ]
        ]
      },
      "properties": {
        "segment_id": "SEG_AUTO_000322",
        "from_station_id": "RU.STN.Ekaterinburg-Passazhirskiy",
        "to_station_id": "RU.STN.Tavda-1",
        "geometry_source": "auto_combined_csv",
        "geometry_quality": "historic_approx",
        "is_current": null,
        "notes": "Auto-generated from ready_railways_from_afonina.csv"
      }
    },
    {
      "type": "Feature",
      "geometry": {
        "type": "LineString",
        "coordinates": [
          [
            55.2143968,
            75.9569848
          ],
          [
            52.9776647,
            78.6437922
          ]
        ]
      },
      "properties": {
        "segment_id": "SEG_AUTO_000323",
        "from_station_id": "RU.STN.Tatarskaya",
        "to_station_id": "RU.STN.Slavgorod",
        "geometry_source": "auto_combined_csv",
        "geometry_quality": "historic_approx",
        "is_current": null,
        "notes": "Auto-generated from ready_railways_from_afonina.csv"
      }
    },
    {
      "type": "Feature",
      "geometry": {
        "type": "LineString",
        "coordinates": [
          [
            57.8066045,
            28.3646835
          ],
          [
            55.4919367,
            28.7820402
          ]
        ]
      },
      "properties": {
        "segment_id": "SEG_AUTO_000324",
        "from_station_id": "RU.STN.Pskov-Passazhirskiy",
        "to_station_id": "BY.STN.Polatsk",
        "geometry_source": "auto_combined_csv",
        "geometry_quality": "historic_approx",
        "is_current": null,
        "notes": "Auto-generated from ready_railways_from_afonina.csv"
      }
    },
    {
      "type": "Feature",
      "geometry": {
        "type": "LineString",
        "coordinates": [
          [
            58.1866522,
            40.1859078
          ],
          [
            58.4670421,
            41.545491
          ]
        ]
      },
      "properties": {
        "segment_id": "SEG_AUTO_000325",
        "from_station_id": "RU.STN.Danilov",
        "to_station_id": "RU.STN.Buy",
        "geometry_source": "auto_combined_csv",
        "geometry_quality": "historic_approx",
        "is_current": null,
        "notes": "Auto-generated from ready_railways_from_afonina.csv"
      }
    },
    {
      "type": "Feature",
      "geometry": {
        "type": "LineString",
        "coordinates": [
          [
            55.8152785,
            48.8954438
          ],
          [
            55.8537831,
            49.1964989
          ]
        ]
      },
      "properties": {
        "segment_id": "SEG_AUTO_000326",
        "from_station_id": "RU.STN.Yudino",
        "to_station_id": "RU.STN.Derbyshki",
        "geometry_source": "auto_combined_csv",
        "geometry_quality": "historic_approx",
        "is_current": null,
        "notes": "Auto-generated from ready_railways_from_afonina.csv"
      }
    },
    {
      "type": "Feature",
      "geometry": {
        "type": "LineString",
        "coordinates": [
          [
            55.4091347,
            43.7896326
          ],
          [
            55.5101327,
            47.4773325
          ]
        ]
      },
      "properties": {
        "segment_id": "SEG_AUTO_000327",
        "from_station_id": "RU.STN.Arzamas-1",
        "to_station_id": "RU.STN.Kanash",
        "geometry_source": "auto_combined_csv",
        "geometry_quality": "historic_approx",
        "is_current": null,
        "notes": "Auto-generated from ready_railways_from_afonina.csv"
      }
    },
    {
      "type": "Feature",
      "geometry": {
        "type": "LineString",
        "coordinates": [
          [
            57.8564922,
            61.6851385
          ],
          [
            56.7778663,
            62.0507133
          ]
        ]
      },
      "properties": {
        "segment_id": "SEG_AUTO_000328",
        "from_station_id": "RU.STN.Alapaevsk-1",
        "to_station_id": "RU.STN.Bogdanovich",
        "geometry_source": "auto_combined_csv",
        "geometry_quality": "historic_approx",
        "is_current": null,
        "notes": "Auto-generated from ready_railways_from_afonina.csv"
      }
    },
    {
      "type": "Feature",
      "geometry": {
        "type": "LineString",
        "coordinates": [
          [
            51.7765991,
            55.074565
          ],
          [
            51.4675183,
            57.9084297
          ]
        ]
      },
      "properties": {
        "segment_id": "SEG_AUTO_000329",
        "from_station_id": "RU.STN.Orenburg",
        "to_station_id": "RU.STN.Sara",
        "geometry_source": "auto_combined_csv",
        "geometry_quality": "historic_approx",
        "is_current": null,
        "notes": "Auto-generated from ready_railways_from_afonina.csv"
      }
    },
    {
      "type": "Feature",
      "geometry": {
        "type": "LineString",
        "coordinates": [
          [
            46.1161445,
            33.7026788
          ],
          [
            45.7095041,
            34.3875292
          ]
        ]
      },
      "properties": {
        "segment_id": "SEG_AUTO_000330",
        "from_station_id": "RU.STN.Armyansk-1",
        "to_station_id": "RU.STN.Dzhankoy",
        "geometry_source": "auto_combined_csv",
        "geometry_quality": "historic_approx",
        "is_current": null,
        "notes": "Auto-generated from ready_railways_from_afonina.csv"
      }
    },
    {
      "type": "Feature",
      "geometry": {
        "type": "LineString",
        "coordinates": [
          [
            51.4675183,
            57.9084297
          ],
          [
            51.2136536,
            58.6193909
          ]
        ]
      },
      "properties": {
        "segment_id": "SEG_AUTO_000331",
        "from_station_id": "RU.STN.Sara",
        "to_station_id": "RU.STN.Orsk",
        "geometry_source": "auto_combined_csv",
        "geometry_quality": "historic_approx",
        "is_current": null,
        "notes": "Auto-generated from ready_railways_from_afonina.csv"
      }
    },
    {
      "type": "Feature",
      "geometry": {
        "type": "LineString",
        "coordinates": [
          [
            56.151594,
            38.8454451
          ],
          [
            60.4644369,
            30.2611406
          ]
        ]
      },
      "properties": {
        "segment_id": "SEG_AUTO_000332",
        "from_station_id": "RU.STN.Kirzhach-1",
        "to_station_id": "RU.STN.Orekhovo",
        "geometry_source": "auto_combined_csv",
        "geometry_quality": "historic_approx",
        "is_current": null,
        "notes": "Auto-generated from ready_railways_from_afonina.csv"
      }
    },
    {
      "type": "Feature",
      "geometry": {
        "type": "LineString",
        "coordinates": [
          [
            52.9776647,
            78.6437922
          ],
          [
            52.569301,
            78.9283573
          ]
        ]
      },
      "properties": {
        "segment_id": "SEG_AUTO_000333",
        "from_station_id": "RU.STN.Slavgorod",
        "to_station_id": "RU.STN.Kulunda",
        "geometry_source": "auto_combined_csv",
        "geometry_quality": "historic_approx",
        "is_current": null,
        "notes": "Auto-generated from ready_railways_from_afonina.csv"
      }
    },
    {
      "type": "Feature",
      "geometry": {
        "type": "LineString",
        "coordinates": [
          [
            52.569301,
            78.9283573
          ],
          [
            52.3005491,
            76.9724651
          ]
        ]
      },
      "properties": {
        "segment_id": "SEG_AUTO_000334",
        "from_station_id": "RU.STN.Kulunda",
        "to_station_id": "KZ.STN.Pavlodar",
        "geometry_source": "auto_combined_csv",
        "geometry_quality": "historic_approx",
        "is_current": null,
        "notes": "Auto-generated from ready_railways_from_afonina.csv"
      }
    },
    {
      "type": "Feature",
      "geometry": {
        "type": "LineString",
        "coordinates": [
          [
            55.8537831,
            49.1964989
          ],
          [
            56.7905886,
            59.5176149
          ]
        ]
      },
      "properties": {
        "segment_id": "SEG_AUTO_000335",
        "from_station_id": "RU.STN.Derbyshki",
        "to_station_id": "RU.STN.Druzhinino",
        "geometry_source": "auto_combined_csv",
        "geometry_quality": "historic_approx",
        "is_current": null,
        "notes": "Auto-generated from ready_railways_from_afonina.csv"
      }
    },
    {
      "type": "Feature",
      "geometry": {
        "type": "LineString",
        "coordinates": [
          [
            47.6586607,
            33.6944452
          ],
          [
            46.6567667,
            32.604504
          ]
        ]
      },
      "properties": {
        "segment_id": "SEG_AUTO_000336",
        "from_station_id": "UA.STN.Apostolove",
        "to_station_id": "UA.STN.Kherson-1",
        "geometry_source": "auto_combined_csv",
        "geometry_quality": "historic_approx",
        "is_current": null,
        "notes": "Auto-generated from ready_railways_from_afonina.csv"
      }
    },
    {
      "type": "Feature",
      "geometry": {
        "type": "LineString",
        "coordinates": [
          [
            59.9551631,
            29.4154038
          ],
          [
            59.3915456,
            28.8413833
          ]
        ]
      },
      "properties": {
        "segment_id": "SEG_AUTO_000337",
        "from_station_id": "RU.STN.Lebyazhe",
        "to_station_id": "RU.STN.Veymarn",
        "geometry_source": "auto_combined_csv",
        "geometry_quality": "historic_approx",
        "is_current": null,
        "notes": "Auto-generated from ready_railways_from_afonina.csv"
      }
    },
    {
      "type": "Feature",
      "geometry": {
        "type": "LineString",
        "coordinates": [
          [
            56.2903706,
            39.3834671
          ],
          [
            53.7463001,
            87.1170402
          ]
        ]
      },
      "properties": {
        "segment_id": "SEG_AUTO_000338",
        "from_station_id": "RU.STN.Kolchugino",
        "to_station_id": "RU.STN.Novokuznetsk",
        "geometry_source": "auto_combined_csv",
        "geometry_quality": "historic_approx",
        "is_current": null,
        "notes": "Auto-generated from ready_railways_from_afonina.csv"
      }
    },
    {
      "type": "Feature",
      "geometry": {
        "type": "LineString",
        "coordinates": [
          [
            54.4115039,
            86.3131868
          ],
          [
            54.2880306,
            85.965495
          ]
        ]
      },
      "properties": {
        "segment_id": "SEG_AUTO_000339",
        "from_station_id": "RU.STN.Belovo",
        "to_station_id": "RU.STN.Gurevsk",
        "geometry_source": "auto_combined_csv",
        "geometry_quality": "historic_approx",
        "is_current": null,
        "notes": "Auto-generated from ready_railways_from_afonina.csv"
      }
    },
    {
      "type": "Feature",
      "geometry": {
        "type": "LineString",
        "coordinates": [
          [
            58.3119266,
            48.3434987
          ],
          [
            56.3213788,
            43.9433976
          ]
        ]
      },
      "properties": {
        "segment_id": "SEG_AUTO_000340",
        "from_station_id": "RU.STN.Kotelnich-1-1",
        "to_station_id": "RU.STN.Nizhniy_Novgorod-Moskovskiy",
        "geometry_source": "auto_combined_csv",
        "geometry_quality": "historic_approx",
        "is_current": null,
        "notes": "Auto-generated from ready_railways_from_afonina.csv"
      }
    },
    {
      "type": "Feature",
      "geometry": {
        "type": "LineString",
        "coordinates": [
          [
            55.841842,
            48.5612627
          ],
          [
            56.6216708,
            47.8798082
          ]
        ]
      },
      "properties": {
        "segment_id": "SEG_AUTO_000341",
        "from_station_id": "RU.STN.Zelenyy_Dol",
        "to_station_id": "RU.STN.Yoshkar-Ola",
        "geometry_source": "auto_combined_csv",
        "geometry_quality": "historic_approx",
        "is_current": null,
        "notes": "Auto-generated from ready_railways_from_afonina.csv"
      }
    },
    {
      "type": "Feature",
      "geometry": {
        "type": "LineString",
        "coordinates": [
          [
            56.8576039,
            33.4638416
          ],
          [
            56.8882262,
            32.6540528
          ]
        ]
      },
      "properties": {
        "segment_id": "SEG_AUTO_000342",
        "from_station_id": "RU.STN.Selizharovo",
        "to_station_id": "RU.STN.Soblago",
        "geometry_source": "auto_combined_csv",
        "geometry_quality": "historic_approx",
        "is_current": null,
        "notes": "Auto-generated from ready_railways_from_afonina.csv"
      }
    },
    {
      "type": "Feature",
      "geometry": {
        "type": "LineString",
        "coordinates": [
          [
            44.6307591,
            41.9636541
          ],
          [
            44.2375384,
            42.0689336
          ]
        ]
      },
      "properties": {
        "segment_id": "SEG_AUTO_000343",
        "from_station_id": "RU.STN.Nevinnomysskaya",
        "to_station_id": "RU.STN.Cherkessk",
        "geometry_source": "auto_combined_csv",
        "geometry_quality": "historic_approx",
        "is_current": null,
        "notes": "Auto-generated from ready_railways_from_afonina.csv"
      }
    },
    {
      "type": "Feature",
      "geometry": {
        "type": "LineString",
        "coordinates": [
          [
            55.7784041,
            37.6567616
          ],
          [
            55.9147036,
            37.7620692
          ]
        ]
      },
      "properties": {
        "segment_id": "SEG_AUTO_000344",
        "from_station_id": "RU.STN.Moscow_Yaroslavsky_railway_station",
        "to_station_id": "RU.STN.Mytishchi-1",
        "geometry_source": "auto_combined_csv",
        "geometry_quality": "historic_approx",
        "is_current": null,
        "notes": "Auto-generated from ready_railways_from_afonina.csv"
      }
    },
    {
      "type": "Feature",
      "geometry": {
        "type": "LineString",
        "coordinates": [
          [
            54.0459572,
            61.6097984
          ],
          [
            51.2136536,
            58.6193909
          ]
        ]
      },
      "properties": {
        "segment_id": "SEG_AUTO_000345",
        "from_station_id": "RU.STN.Zolotaya_Sopka-1",
        "to_station_id": "RU.STN.Orsk",
        "geometry_source": "auto_combined_csv",
        "geometry_quality": "historic_approx",
        "is_current": null,
        "notes": "Auto-generated from ready_railways_from_afonina.csv"
      }
    },
    {
      "type": "Feature",
      "geometry": {
        "type": "LineString",
        "coordinates": [
          [
            56.0940799,
            63.6095536
          ],
          [
            55.4420088,
            65.3193911
          ]
        ]
      },
      "properties": {
        "segment_id": "SEG_AUTO_000346",
        "from_station_id": "RU.STN.Shadrinsk-1",
        "to_station_id": "RU.STN.Kurgan",
        "geometry_source": "auto_combined_csv",
        "geometry_quality": "historic_approx",
        "is_current": null,
        "notes": "Auto-generated from ready_railways_from_afonina.csv"
      }
    },
    {
      "type": "Feature",
      "geometry": {
        "type": "LineString",
        "coordinates": [
          [
            56.8301299,
            60.6464275
          ],
          [
            56.4617726,
            61.761228
          ]
        ]
      },
      "properties": {
        "segment_id": "SEG_AUTO_000347",
        "from_station_id": "RU.STN.Shartash",
        "to_station_id": "RU.STN.Kodinskiy",
        "geometry_source": "auto_combined_csv",
        "geometry_quality": "historic_approx",
        "is_current": null,
        "notes": "Auto-generated from ready_railways_from_afonina.csv"
      }
    },
    {
      "type": "Feature",
      "geometry": {
        "type": "LineString",
        "coordinates": [
          [
            55.7784041,
            37.6567616
          ],
          [
            55.68208,
            37.8971584
          ]
        ]
      },
      "properties": {
        "segment_id": "SEG_AUTO_000348",
        "from_station_id": "RU.STN.Moscow_Yaroslavsky_railway_station",
        "to_station_id": "RU.STN.Lyubertsy_I",
        "geometry_source": "auto_combined_csv",
        "geometry_quality": "historic_approx",
        "is_current": null,
        "notes": "Auto-generated from ready_railways_from_afonina.csv"
      }
    },
    {
      "type": "Feature",
      "geometry": {
        "type": "LineString",
        "coordinates": [
          [
            59.0544131,
            57.6505218
          ],
          [
            58.2899653,
            57.8406417
          ]
        ]
      },
      "properties": {
        "segment_id": "SEG_AUTO_000349",
        "from_station_id": "RU.STN.Kizel",
        "to_station_id": "RU.STN.Chusovskaya",
        "geometry_source": "auto_combined_csv",
        "geometry_quality": "historic_approx",
        "is_current": null,
        "notes": "Auto-generated from ready_railways_from_afonina.csv"
      }
    },
    {
      "type": "Feature",
      "geometry": {
        "type": "LineString",
        "coordinates": [
          [
            56.1364833,
            37.9306748
          ],
          [
            56.3021734,
            38.1371689
          ]
        ]
      },
      "properties": {
        "segment_id": "SEG_AUTO_000350",
        "from_station_id": "RU.STN.Sofrino-1",
        "to_station_id": "RU.STN.Sergiyev_Posad",
        "geometry_source": "auto_combined_csv",
        "geometry_quality": "historic_approx",
        "is_current": null,
        "notes": "Auto-generated from ready_railways_from_afonina.csv"
      }
    },
    {
      "type": "Feature",
      "geometry": {
        "type": "LineString",
        "coordinates": [
          [
            51.5421196,
            45.9983299
          ],
          [
            51.4093441,
            46.0821681
          ]
        ]
      },
      "properties": {
        "segment_id": "SEG_AUTO_000351",
        "from_station_id": "RU.STN.Saratov_I-Passazhirskiy",
        "to_station_id": "RU.STN.Anisovka",
        "geometry_source": "auto_combined_csv",
        "geometry_quality": "historic_approx",
        "is_current": null,
        "notes": "Auto-generated from ready_railways_from_afonina.csv"
      }
    },
    {
      "type": "Feature",
      "geometry": {
        "type": "LineString",
        "coordinates": [
          [
            59.823073,
            30.1808396
          ],
          [
            59.7323365,
            30.103424
          ]
        ]
      },
      "properties": {
        "segment_id": "SEG_AUTO_000352",
        "from_station_id": "RU.STN.Ligovo",
        "to_station_id": "RU.STN.Krasnoe_Selo",
        "geometry_source": "auto_combined_csv",
        "geometry_quality": "historic_approx",
        "is_current": null,
        "notes": "Auto-generated from ready_railways_from_afonina.csv"
      }
    },
    {
      "type": "Feature",
      "geometry": {
        "type": "LineString",
        "coordinates": [
          [
            58.2899653,
            57.8406417
          ],
          [
            58.2674926,
            59.7100081
          ]
        ]
      },
      "properties": {
        "segment_id": "SEG_AUTO_000353",
        "from_station_id": "RU.STN.Chusovskaya",
        "to_station_id": "RU.STN.Goroblagodatskaya",
        "geometry_source": "auto_combined_csv",
        "geometry_quality": "historic_approx",
        "is_current": null,
        "notes": "Auto-generated from ready_railways_from_afonina.csv"
      }
    },
    {
      "type": "Feature",
      "geometry": {
        "type": "LineString",
        "coordinates": [
          [
            59.6636709,
            30.102693
          ],
          [
            59.5591049,
            30.1035969
          ]
        ]
      },
      "properties": {
        "segment_id": "SEG_AUTO_000354",
        "from_station_id": "RU.STN.Taytsy",
        "to_station_id": "RU.STN.Gatchina-Baltiyskaya_Passazhirskaya",
        "geometry_source": "auto_combined_csv",
        "geometry_quality": "historic_approx",
        "is_current": null,
        "notes": "Auto-generated from ready_railways_from_afonina.csv"
      }
    },
    {
      "type": "Feature",
      "geometry": {
        "type": "LineString",
        "coordinates": [
          [
            53.7463001,
            87.1170402
          ],
          [
            54.4115039,
            86.3131868
          ]
        ]
      },
      "properties": {
        "segment_id": "SEG_AUTO_000355",
        "from_station_id": "RU.STN.Novokuznetsk",
        "to_station_id": "RU.STN.Belovo",
        "geometry_source": "auto_combined_csv",
        "geometry_quality": "historic_approx",
        "is_current": null,
        "notes": "Auto-generated from ready_railways_from_afonina.csv"
      }
    },
    {
      "type": "Feature",
      "geometry": {
        "type": "LineString",
        "coordinates": [
          [
            56.3021734,
            38.1371689
          ],
          [
            56.3962274,
            38.7015984
          ]
        ]
      },
      "properties": {
        "segment_id": "SEG_AUTO_000356",
        "from_station_id": "RU.STN.Sergiyev_Posad",
        "to_station_id": "RU.STN.Aleksandrov-1",
        "geometry_source": "auto_combined_csv",
        "geometry_quality": "historic_approx",
        "is_current": null,
        "notes": "Auto-generated from ready_railways_from_afonina.csv"
      }
    },
    {
      "type": "Feature",
      "geometry": {
        "type": "LineString",
        "coordinates": [
          [
            55.7784041,
            37.6567616
          ],
          [
            55.6214565,
            37.6691454
          ]
        ]
      },
      "properties": {
        "segment_id": "SEG_AUTO_000357",
        "from_station_id": "RU.STN.Moscow_Yaroslavsky_railway_station",
        "to_station_id": "RU.STN.Tsaritsyno-1",
        "geometry_source": "auto_combined_csv",
        "geometry_quality": "historic_approx",
        "is_current": null,
        "notes": "Auto-generated from ready_railways_from_afonina.csv"
      }
    },
    {
      "type": "Feature",
      "geometry": {
        "type": "LineString",
        "coordinates": [
          [
            59.5591049,
            30.1035969
          ],
          [
            59.5518636,
            30.1328612
          ]
        ]
      },
      "properties": {
        "segment_id": "SEG_AUTO_000358",
        "from_station_id": "RU.STN.Gatchina-Baltiyskaya_Passazhirskaya",
        "to_station_id": "RU.STN.Gatchina-Varshavskaya",
        "geometry_source": "auto_combined_csv",
        "geometry_quality": "historic_approx",
        "is_current": null,
        "notes": "Auto-generated from ready_railways_from_afonina.csv"
      }
    },
    {
      "type": "Feature",
      "geometry": {
        "type": "LineString",
        "coordinates": [
          [
            55.3222747,
            85.9697527
          ],
          [
            55.7401196,
            86.2771867
          ]
        ]
      },
      "properties": {
        "segment_id": "SEG_AUTO_000359",
        "from_station_id": "RU.STN.Ishanovo",
        "to_station_id": "RU.STN.Barzas-1",
        "geometry_source": "auto_combined_csv",
        "geometry_quality": "historic_approx",
        "is_current": null,
        "notes": "Auto-generated from ready_railways_from_afonina.csv"
      }
    },
    {
      "type": "Feature",
      "geometry": {
        "type": "LineString",
        "coordinates": [
          [
            58.1988075,
            57.5693578
          ],
          [
            58.096864,
            57.120344
          ]
        ]
      },
      "properties": {
        "segment_id": "SEG_AUTO_000360",
        "from_station_id": "RU.STN.Vereinskiy",
        "to_station_id": "RU.STN.Komarikhinskaya",
        "geometry_source": "auto_combined_csv",
        "geometry_quality": "historic_approx",
        "is_current": null,
        "notes": "Auto-generated from ready_railways_from_afonina.csv"
      }
    },
    {
      "type": "Feature",
      "geometry": {
        "type": "LineString",
        "coordinates": [
          [
            51.3217037,
            36.7781069
          ],
          [
            51.3130777,
            37.8550305
          ]
        ]
      },
      "properties": {
        "segment_id": "SEG_AUTO_000361",
        "from_station_id": "RU.STN.Saraevka",
        "to_station_id": "RU.STN.Staryy_Oskol",
        "geometry_source": "auto_combined_csv",
        "geometry_quality": "historic_approx",
        "is_current": null,
        "notes": "Auto-generated from ready_railways_from_afonina.csv"
      }
    },
    {
      "type": "Feature",
      "geometry": {
        "type": "LineString",
        "coordinates": [
          [
            41.721053,
            44.7995883
          ],
          [
            41.7385095,
            44.7857539
          ]
        ]
      },
      "properties": {
        "segment_id": "SEG_AUTO_000362",
        "from_station_id": "GE.STN.Tbilisi_Central_Station",
        "to_station_id": "GE.STN.Tbilisi-Cargo",
        "geometry_source": "auto_combined_csv",
        "geometry_quality": "historic_approx",
        "is_current": null,
        "notes": "Auto-generated from ready_railways_from_afonina.csv"
      }
    },
    {
      "type": "Feature",
      "geometry": {
        "type": "LineString",
        "coordinates": [
          [
            58.096864,
            57.120344
          ],
          [
            58.1352532,
            56.3768974
          ]
        ]
      },
      "properties": {
        "segment_id": "SEG_AUTO_000363",
        "from_station_id": "RU.STN.Komarikhinskaya",
        "to_station_id": "RU.STN.Levshino",
        "geometry_source": "auto_combined_csv",
        "geometry_quality": "historic_approx",
        "is_current": null,
        "notes": "Auto-generated from ready_railways_from_afonina.csv"
      }
    },
    {
      "type": "Feature",
      "geometry": {
        "type": "LineString",
        "coordinates": [
          [
            57.9101942,
            59.9936834
          ],
          [
            57.940148,
            59.9823136
          ]
        ]
      },
      "properties": {
        "segment_id": "SEG_AUTO_000364",
        "from_station_id": "RU.STN.Nizhniy_Tagil",
        "to_station_id": "RU.STN.Smychka",
        "geometry_source": "auto_combined_csv",
        "geometry_quality": "historic_approx",
        "is_current": null,
        "notes": "Auto-generated from ready_railways_from_afonina.csv"
      }
    },
    {
      "type": "Feature",
      "geometry": {
        "type": "LineString",
        "coordinates": [
          [
            56.6216708,
            47.8798082
          ],
          [
            57.6492264,
            47.3184762
          ]
        ]
      },
      "properties": {
        "segment_id": "SEG_AUTO_000365",
        "from_station_id": "RU.STN.Yoshkar-Ola",
        "to_station_id": "RU.STN.Mayskiy",
        "geometry_source": "auto_combined_csv",
        "geometry_quality": "historic_approx",
        "is_current": null,
        "notes": "Auto-generated from ready_railways_from_afonina.csv"
      }
    },
    {
      "type": "Feature",
      "geometry": {
        "type": "LineString",
        "coordinates": [
          [
            56.8019047,
            53.1899037
          ],
          [
            57.5582092,
            53.0499898
          ]
        ]
      },
      "properties": {
        "segment_id": "SEG_AUTO_000366",
        "from_station_id": "RU.STN.Izhevsk",
        "to_station_id": "RU.STN.Igra",
        "geometry_source": "auto_combined_csv",
        "geometry_quality": "historic_approx",
        "is_current": null,
        "notes": "Auto-generated from ready_railways_from_afonina.csv"
      }
    },
    {
      "type": "Feature",
      "geometry": {
        "type": "LineString",
        "coordinates": [
          [
            58.0047837,
            56.1798837
          ],
          [
            58.1352532,
            56.3768974
          ]
        ]
      },
      "properties": {
        "segment_id": "SEG_AUTO_000367",
        "from_station_id": "RU.STN.Perm-2",
        "to_station_id": "RU.STN.Levshino",
        "geometry_source": "auto_combined_csv",
        "geometry_quality": "historic_approx",
        "is_current": null,
        "notes": "Auto-generated from ready_railways_from_afonina.csv"
      }
    },
    {
      "type": "Feature",
      "geometry": {
        "type": "LineString",
        "coordinates": [
          [
            55.1411307,
            61.4167159
          ],
          [
            55.1981361,
            59.7176612
          ]
        ]
      },
      "properties": {
        "segment_id": "SEG_AUTO_000368",
        "from_station_id": "RU.STN.Chelyabinsk-Glavnyy",
        "to_station_id": "RU.STN.Zlatoust-1",
        "geometry_source": "auto_combined_csv",
        "geometry_quality": "historic_approx",
        "is_current": null,
        "notes": "Auto-generated from ready_railways_from_afonina.csv"
      }
    },
    {
      "type": "Feature",
      "geometry": {
        "type": "LineString",
        "coordinates": [
          [
            56.8019047,
            53.1899037
          ],
          [
            57.0069385,
            51.3165249
          ]
        ]
      },
      "properties": {
        "segment_id": "SEG_AUTO_000369",
        "from_station_id": "RU.STN.Izhevsk",
        "to_station_id": "RU.STN.Kilmez",
        "geometry_source": "auto_combined_csv",
        "geometry_quality": "historic_approx",
        "is_current": null,
        "notes": "Auto-generated from ready_railways_from_afonina.csv"
      }
    },
    {
      "type": "Feature",
      "geometry": {
        "type": "LineString",
        "coordinates": [
          [
            57.8728227,
            53.2736548
          ],
          [
            57.5582092,
            53.0499898
          ]
        ]
      },
      "properties": {
        "segment_id": "SEG_AUTO_000370",
        "from_station_id": "RU.STN.Pibanshur",
        "to_station_id": "RU.STN.Igra",
        "geometry_source": "auto_combined_csv",
        "geometry_quality": "historic_approx",
        "is_current": null,
        "notes": "Auto-generated from ready_railways_from_afonina.csv"
      }
    },
    {
      "type": "Feature",
      "geometry": {
        "type": "LineString",
        "coordinates": [
          [
            59.1656847,
            61.8219785
          ],
          [
            57.8564922,
            61.6851385
          ]
        ]
      },
      "properties": {
        "segment_id": "SEG_AUTO_000371",
        "from_station_id": "RU.STN.Sosva",
        "to_station_id": "RU.STN.Alapaevsk-1",
        "geometry_source": "auto_combined_csv",
        "geometry_quality": "historic_approx",
        "is_current": null,
        "notes": "Auto-generated from ready_railways_from_afonina.csv"
      }
    },
    {
      "type": "Feature",
      "geometry": {
        "type": "LineString",
        "coordinates": [
          [
            55.6746453,
            37.2863282
          ],
          [
            54.0553313,
            45.0224714
          ]
        ]
      },
      "properties": {
        "segment_id": "SEG_AUTO_000372",
        "from_station_id": "RU.STN.Odintsovo-1",
        "to_station_id": "RU.STN.Golitsino",
        "geometry_source": "auto_combined_csv",
        "geometry_quality": "historic_approx",
        "is_current": null,
        "notes": "Auto-generated from ready_railways_from_afonina.csv"
      }
    },
    {
      "type": "Feature",
      "geometry": {
        "type": "LineString",
        "coordinates": [
          [
            59.0544131,
            57.6505218
          ],
          [
            59.3275615,
            57.2624535
          ]
        ]
      },
      "properties": {
        "segment_id": "SEG_AUTO_000373",
        "from_station_id": "RU.STN.Kizel",
        "to_station_id": "RU.STN.Yayva",
        "geometry_source": "auto_combined_csv",
        "geometry_quality": "historic_approx",
        "is_current": null,
        "notes": "Auto-generated from ready_railways_from_afonina.csv"
      }
    },
    {
      "type": "Feature",
      "geometry": {
        "type": "LineString",
        "coordinates": [
          [
            65.1585959,
            57.2341378
          ],
          [
            67.4699839,
            64.0280335
          ]
        ]
      },
      "properties": {
        "segment_id": "SEG_AUTO_000374",
        "from_station_id": "RU.STN.Pechora",
        "to_station_id": "RU.STN.Vorkuta",
        "geometry_source": "auto_combined_csv",
        "geometry_quality": "historic_approx",
        "is_current": null,
        "notes": "Auto-generated from ready_railways_from_afonina.csv"
      }
    },
    {
      "type": "Feature",
      "geometry": {
        "type": "LineString",
        "coordinates": [
          [
            54.0553313,
            45.0224714
          ],
          [
            55.7006973,
            36.880979
          ]
        ]
      },
      "properties": {
        "segment_id": "SEG_AUTO_000375",
        "from_station_id": "RU.STN.Golitsino",
        "to_station_id": "RU.STN.Zvenigorod-1",
        "geometry_source": "auto_combined_csv",
        "geometry_quality": "historic_approx",
        "is_current": null,
        "notes": "Auto-generated from ready_railways_from_afonina.csv"
      }
    },
    {
      "type": "Feature",
      "geometry": {
        "type": "LineString",
        "coordinates": [
          [
            55.7784041,
            37.6567616
          ],
          [
            55.9800945,
            37.173486
          ]
        ]
      },
      "properties": {
        "segment_id": "SEG_AUTO_000376",
        "from_station_id": "RU.STN.Moscow_Yaroslavsky_railway_station",
        "to_station_id": "RU.STN.Kryukovo",
        "geometry_source": "auto_combined_csv",
        "geometry_quality": "historic_approx",
        "is_current": null,
        "notes": "Auto-generated from ready_railways_from_afonina.csv"
      }
    },
    {
      "type": "Feature",
      "geometry": {
        "type": "LineString",
        "coordinates": [
          [
            59.3275615,
            57.2624535
          ],
          [
            59.6332457,
            56.7322804
          ]
        ]
      },
      "properties": {
        "segment_id": "SEG_AUTO_000377",
        "from_station_id": "RU.STN.Yayva",
        "to_station_id": "RU.STN.Solikamsk",
        "geometry_source": "auto_combined_csv",
        "geometry_quality": "historic_approx",
        "is_current": null,
        "notes": "Auto-generated from ready_railways_from_afonina.csv"
      }
    },
    {
      "type": "Feature",
      "geometry": {
        "type": "LineString",
        "coordinates": [
          [
            53.7463001,
            87.1170402
          ],
          [
            53.3513299,
            83.7566961
          ]
        ]
      },
      "properties": {
        "segment_id": "SEG_AUTO_000378",
        "from_station_id": "RU.STN.Novokuznetsk",
        "to_station_id": "RU.STN.Barnaul-1",
        "geometry_source": "auto_combined_csv",
        "geometry_quality": "historic_approx",
        "is_current": null,
        "notes": "Auto-generated from ready_railways_from_afonina.csv"
      }
    },
    {
      "type": "Feature",
      "geometry": {
        "type": "LineString",
        "coordinates": [
          [
            52.569301,
            78.9283573
          ],
          [
            53.3513299,
            83.7566961
          ]
        ]
      },
      "properties": {
        "segment_id": "SEG_AUTO_000379",
        "from_station_id": "RU.STN.Kulunda",
        "to_station_id": "RU.STN.Barnaul-1",
        "geometry_source": "auto_combined_csv",
        "geometry_quality": "historic_approx",
        "is_current": null,
        "notes": "Auto-generated from ready_railways_from_afonina.csv"
      }
    },
    {
      "type": "Feature",
      "geometry": {
        "type": "LineString",
        "coordinates": [
          [
            55.355172,
            78.3510942
          ],
          [
            55.097412,
            80.9714997
          ]
        ]
      },
      "properties": {
        "segment_id": "SEG_AUTO_000380",
        "from_station_id": "RU.STN.Barabinsk",
        "to_station_id": "RU.STN.Chulymskaya-1",
        "geometry_source": "auto_combined_csv",
        "geometry_quality": "historic_approx",
        "is_current": null,
        "notes": "Auto-generated from ready_railways_from_afonina.csv"
      }
    },
    {
      "type": "Feature",
      "geometry": {
        "type": "LineString",
        "coordinates": [
          [
            55.355172,
            78.3510942
          ],
          [
            55.2143968,
            75.9569848
          ]
        ]
      },
      "properties": {
        "segment_id": "SEG_AUTO_000381",
        "from_station_id": "RU.STN.Barabinsk",
        "to_station_id": "RU.STN.Tatarskaya",
        "geometry_source": "auto_combined_csv",
        "geometry_quality": "historic_approx",
        "is_current": null,
        "notes": "Auto-generated from ready_railways_from_afonina.csv"
      }
    },
    {
      "type": "Feature",
      "geometry": {
        "type": "LineString",
        "coordinates": [
          [
            55.2143968,
            75.9569848
          ],
          [
            54.934824,
            73.4827701
          ]
        ]
      },
      "properties": {
        "segment_id": "SEG_AUTO_000382",
        "from_station_id": "RU.STN.Tatarskaya",
        "to_station_id": "RU.STN.Moskovka",
        "geometry_source": "auto_combined_csv",
        "geometry_quality": "historic_approx",
        "is_current": null,
        "notes": "Auto-generated from ready_railways_from_afonina.csv"
      }
    },
    {
      "type": "Feature",
      "geometry": {
        "type": "LineString",
        "coordinates": [
          [
            55.1591165,
            59.1446968
          ],
          [
            51.8703899,
            104.809185
          ]
        ]
      },
      "properties": {
        "segment_id": "SEG_AUTO_000383",
        "from_station_id": "RU.STN.Berdyaush",
        "to_station_id": "RU.STN.Baykal",
        "geometry_source": "auto_combined_csv",
        "geometry_quality": "historic_approx",
        "is_current": null,
        "notes": "Auto-generated from ready_railways_from_afonina.csv"
      }
    },
    {
      "type": "Feature",
      "geometry": {
        "type": "LineString",
        "coordinates": [
          [
            67.3172647,
            32.4984249
          ],
          [
            67.549329,
            30.4816104
          ]
        ]
      },
      "properties": {
        "segment_id": "SEG_AUTO_000384",
        "from_station_id": "RU.STN.Pinozero",
        "to_station_id": "RU.STN.Kovdor",
        "geometry_source": "auto_combined_csv",
        "geometry_quality": "historic_approx",
        "is_current": null,
        "notes": "Auto-generated from ready_railways_from_afonina.csv"
      }
    },
    {
      "type": "Feature",
      "geometry": {
        "type": "LineString",
        "coordinates": [
          [
            47.0800581,
            35.3145529
          ],
          [
            46.7530656,
            33.4316191
          ]
        ]
      },
      "properties": {
        "segment_id": "SEG_AUTO_000385",
        "from_station_id": "UA.STN.Fedorvka",
        "to_station_id": "UA.STN.Kakhovka",
        "geometry_source": "auto_combined_csv",
        "geometry_quality": "historic_approx",
        "is_current": null,
        "notes": "Auto-generated from ready_railways_from_afonina.csv"
      }
    },
    {
      "type": "Feature",
      "geometry": {
        "type": "LineString",
        "coordinates": [
          [
            59.0544131,
            57.6505218
          ],
          [
            58.0047837,
            56.1798837
          ]
        ]
      },
      "properties": {
        "segment_id": "SEG_AUTO_000386",
        "from_station_id": "RU.STN.Kizel",
        "to_station_id": "RU.STN.Perm-2",
        "geometry_source": "auto_combined_csv",
        "geometry_quality": "historic_approx",
        "is_current": null,
        "notes": "Auto-generated from ready_railways_from_afonina.csv"
      }
    },
    {
      "type": "Feature",
      "geometry": {
        "type": "LineString",
        "coordinates": [
          [
            52.2826492,
            104.2605399
          ],
          [
            51.6584834,
            103.7238875
          ]
        ]
      },
      "properties": {
        "segment_id": "SEG_AUTO_000387",
        "from_station_id": "RU.STN.Irkutsk-Passazhirskiy",
        "to_station_id": "RU.STN.Slyudyanka_I",
        "geometry_source": "auto_combined_csv",
        "geometry_quality": "historic_approx",
        "is_current": null,
        "notes": "Auto-generated from ready_railways_from_afonina.csv"
      }
    },
    {
      "type": "Feature",
      "geometry": {
        "type": "LineString",
        "coordinates": [
          [
            53.2598589,
            50.384083
          ],
          [
            53.2305475,
            50.6330253
          ]
        ]
      },
      "properties": {
        "segment_id": "SEG_AUTO_000388",
        "from_station_id": "RU.STN.Smyshlyaevka",
        "to_station_id": "RU.STN.Kinel",
        "geometry_source": "auto_combined_csv",
        "geometry_quality": "historic_approx",
        "is_current": null,
        "notes": "Auto-generated from ready_railways_from_afonina.csv"
      }
    },
    {
      "type": "Feature",
      "geometry": {
        "type": "LineString",
        "coordinates": [
          [
            59.0544131,
            57.6505218
          ],
          [
            58.0047837,
            56.1798837
          ]
        ]
      },
      "properties": {
        "segment_id": "SEG_AUTO_000389",
        "from_station_id": "RU.STN.Kizel",
        "to_station_id": "RU.STN.Perm-2",
        "geometry_source": "auto_combined_csv",
        "geometry_quality": "historic_approx",
        "is_current": null,
        "notes": "Auto-generated from ready_railways_from_afonina.csv"
      }
    },
    {
      "type": "Feature",
      "geometry": {
        "type": "LineString",
        "coordinates": [
          [
            55.4420088,
            65.3193911
          ],
          [
            55.222232,
            67.2186966
          ]
        ]
      },
      "properties": {
        "segment_id": "SEG_AUTO_000390",
        "from_station_id": "RU.STN.Kurgan",
        "to_station_id": "KZ.STN.Makushino",
        "geometry_source": "auto_combined_csv",
        "geometry_quality": "historic_approx",
        "is_current": null,
        "notes": "Auto-generated from ready_railways_from_afonina.csv"
      }
    },
    {
      "type": "Feature",
      "geometry": {
        "type": "LineString",
        "coordinates": [
          [
            53.6519867,
            52.1301696
          ],
          [
            54.0611381,
            54.9323558
          ]
        ]
      },
      "properties": {
        "segment_id": "SEG_AUTO_000391",
        "from_station_id": "RU.STN.Pokhvistnevo",
        "to_station_id": "RU.STN.Raevka",
        "geometry_source": "auto_combined_csv",
        "geometry_quality": "historic_approx",
        "is_current": null,
        "notes": "Auto-generated from ready_railways_from_afonina.csv"
      }
    },
    {
      "type": "Feature",
      "geometry": {
        "type": "LineString",
        "coordinates": [
          [
            54.9347142,
            37.4518444
          ],
          [
            54.2091789,
            37.6286642
          ]
        ]
      },
      "properties": {
        "segment_id": "SEG_AUTO_000392",
        "from_station_id": "RU.STN.Serpukhov",
        "to_station_id": "RU.STN.Tula-Vyazemskaya-1",
        "geometry_source": "auto_combined_csv",
        "geometry_quality": "historic_approx",
        "is_current": null,
        "notes": "Auto-generated from ready_railways_from_afonina.csv"
      }
    },
    {
      "type": "Feature",
      "geometry": {
        "type": "LineString",
        "coordinates": [
          [
            52.2826492,
            104.2605399
          ],
          [
            53.1490229,
            103.0850785
          ]
        ]
      },
      "properties": {
        "segment_id": "SEG_AUTO_000393",
        "from_station_id": "RU.STN.Irkutsk-Passazhirskiy",
        "to_station_id": "RU.STN.Cheremkhovo",
        "geometry_source": "auto_combined_csv",
        "geometry_quality": "historic_approx",
        "is_current": null,
        "notes": "Auto-generated from ready_railways_from_afonina.csv"
      }
    },
    {
      "type": "Feature",
      "geometry": {
        "type": "LineString",
        "coordinates": [
          [
            53.2305475,
            50.6330253
          ],
          [
            53.6519867,
            52.1301696
          ]
        ]
      },
      "properties": {
        "segment_id": "SEG_AUTO_000394",
        "from_station_id": "RU.STN.Kinel",
        "to_station_id": "RU.STN.Pokhvistnevo",
        "geometry_source": "auto_combined_csv",
        "geometry_quality": "historic_approx",
        "is_current": null,
        "notes": "Auto-generated from ready_railways_from_afonina.csv"
      }
    },
    {
      "type": "Feature",
      "geometry": {
        "type": "LineString",
        "coordinates": [
          [
            55.564656,
            38.227405
          ],
          [
            54.6337015,
            39.713368
          ]
        ]
      },
      "properties": {
        "segment_id": "SEG_AUTO_000395",
        "from_station_id": "RU.STN.Ramenskoe",
        "to_station_id": "RU.STN.Ryazan-1",
        "geometry_source": "auto_combined_csv",
        "geometry_quality": "historic_approx",
        "is_current": null,
        "notes": "Auto-generated from ready_railways_from_afonina.csv"
      }
    },
    {
      "type": "Feature",
      "geometry": {
        "type": "LineString",
        "coordinates": [
          [
            56.3962274,
            38.7015984
          ],
          [
            57.625402,
            39.8349726
          ]
        ]
      },
      "properties": {
        "segment_id": "SEG_AUTO_000396",
        "from_station_id": "RU.STN.Aleksandrov-1",
        "to_station_id": "RU.STN.Yaroslavl-Glavnyy",
        "geometry_source": "auto_combined_csv",
        "geometry_quality": "historic_approx",
        "is_current": null,
        "notes": "Auto-generated from ready_railways_from_afonina.csv"
      }
    },
    {
      "type": "Feature",
      "geometry": {
        "type": "LineString",
        "coordinates": [
          [
            54.5448977,
            86.2396161
          ],
          [
            56.2903706,
            39.3834671
          ]
        ]
      },
      "properties": {
        "segment_id": "SEG_AUTO_000397",
        "from_station_id": "RU.STN.Proektnaya",
        "to_station_id": "RU.STN.Kolchugino",
        "geometry_source": "auto_combined_csv",
        "geometry_quality": "historic_approx",
        "is_current": null,
        "notes": "Auto-generated from ready_railways_from_afonina.csv"
      }
    },
    {
      "type": "Feature",
      "geometry": {
        "type": "LineString",
        "coordinates": [
          [
            68.8368617,
            33.0817927
          ],
          [
            69.509418,
            31.1631194
          ]
        ]
      },
      "properties": {
        "segment_id": "SEG_AUTO_000398",
        "from_station_id": "RU.STN.Vykhodnoy",
        "to_station_id": "RU.STN.Pechenga",
        "geometry_source": "auto_combined_csv",
        "geometry_quality": "historic_approx",
        "is_current": null,
        "notes": "Auto-generated from ready_railways_from_afonina.csv"
      }
    },
    {
      "type": "Feature",
      "geometry": {
        "type": "LineString",
        "coordinates": [
          [
            53.9251236,
            102.0512436
          ],
          [
            54.5947667,
            100.5363086
          ]
        ]
      },
      "properties": {
        "segment_id": "SEG_AUTO_000399",
        "from_station_id": "RU.STN.Zima",
        "to_station_id": "RU.STN.Tulun",
        "geometry_source": "auto_combined_csv",
        "geometry_quality": "historic_approx",
        "is_current": null,
        "notes": "Auto-generated from ready_railways_from_afonina.csv"
      }
    },
    {
      "type": "Feature",
      "geometry": {
        "type": "LineString",
        "coordinates": [
          [
            56.3390608,
            43.883332
          ],
          [
            56.6335757,
            43.4114017
          ]
        ]
      },
      "properties": {
        "segment_id": "SEG_AUTO_000400",
        "from_station_id": "RU.STN.Varya",
        "to_station_id": "RU.STN.Zavolzhe",
        "geometry_source": "auto_combined_csv",
        "geometry_quality": "historic_approx",
        "is_current": null,
        "notes": "Auto-generated from ready_railways_from_afonina.csv"
      }
    },
    {
      "type": "Feature",
      "geometry": {
        "type": "LineString",
        "coordinates": [
          [
            54.2640906,
            42.2660676
          ],
          [
            54.0408286,
            43.9150874
          ]
        ]
      },
      "properties": {
        "segment_id": "SEG_AUTO_000401",
        "from_station_id": "RU.STN.Kustarevka",
        "to_station_id": "RU.STN.Kovylkino",
        "geometry_source": "auto_combined_csv",
        "geometry_quality": "historic_approx",
        "is_current": null,
        "notes": "Auto-generated from ready_railways_from_afonina.csv"
      }
    },
    {
      "type": "Feature",
      "geometry": {
        "type": "LineString",
        "coordinates": [
          [
            54.3467189,
            41.9300093
          ],
          [
            54.2640906,
            42.2660676
          ]
        ]
      },
      "properties": {
        "segment_id": "SEG_AUTO_000402",
        "from_station_id": "RU.STN.Sasovo",
        "to_station_id": "RU.STN.Kustarevka",
        "geometry_source": "auto_combined_csv",
        "geometry_quality": "historic_approx",
        "is_current": null,
        "notes": "Auto-generated from ready_railways_from_afonina.csv"
      }
    },
    {
      "type": "Feature",
      "geometry": {
        "type": "LineString",
        "coordinates": [
          [
            48.7371491,
            44.5420071
          ],
          [
            55.8391238,
            52.0746589
          ]
        ]
      },
      "properties": {
        "segment_id": "SEG_AUTO_000403",
        "from_station_id": "RU.STN.Mamaev_Kurgan",
        "to_station_id": "RU.STN.Traktornaya",
        "geometry_source": "auto_combined_csv",
        "geometry_quality": "historic_approx",
        "is_current": null,
        "notes": "Auto-generated from ready_railways_from_afonina.csv"
      }
    },
    {
      "type": "Feature",
      "geometry": {
        "type": "LineString",
        "coordinates": [
          [
            51.7498104,
            36.2286115
          ],
          [
            50.5930725,
            36.6058803
          ]
        ]
      },
      "properties": {
        "segment_id": "SEG_AUTO_000404",
        "from_station_id": "RU.STN.Kursk",
        "to_station_id": "RU.STN.Belgorod",
        "geometry_source": "auto_combined_csv",
        "geometry_quality": "historic_approx",
        "is_current": null,
        "notes": "Auto-generated from ready_railways_from_afonina.csv"
      }
    },
    {
      "type": "Feature",
      "geometry": {
        "type": "LineString",
        "coordinates": [
          [
            56.1295984,
            40.4198825
          ],
          [
            56.3213788,
            43.9433976
          ]
        ]
      },
      "properties": {
        "segment_id": "SEG_AUTO_000405",
        "from_station_id": "RU.STN.Vladimir",
        "to_station_id": "RU.STN.Nizhniy_Novgorod-Moskovskiy",
        "geometry_source": "auto_combined_csv",
        "geometry_quality": "historic_approx",
        "is_current": null,
        "notes": "Auto-generated from ready_railways_from_afonina.csv"
      }
    },
    {
      "type": "Feature",
      "geometry": {
        "type": "LineString",
        "coordinates": [
          [
            55.2316416,
            84.4013612
          ],
          [
            52.4707336,
            72.0419379
          ]
        ]
      },
      "properties": {
        "segment_id": "SEG_AUTO_000406",
        "from_station_id": "RU.STN.Toguchin",
        "to_station_id": "KZ.STN.Promyshlennaya",
        "geometry_source": "auto_combined_csv",
        "geometry_quality": "historic_approx",
        "is_current": null,
        "notes": "Auto-generated from ready_railways_from_afonina.csv"
      }
    },
    {
      "type": "Feature",
      "geometry": {
        "type": "LineString",
        "coordinates": [
          [
            55.9147036,
            37.7620692
          ],
          [
            56.7745476,
            53.1811842
          ]
        ]
      },
      "properties": {
        "segment_id": "SEG_AUTO_000407",
        "from_station_id": "RU.STN.Mytishchi-1",
        "to_station_id": "RU.STN.Pirogovo",
        "geometry_source": "auto_combined_csv",
        "geometry_quality": "historic_approx",
        "is_current": null,
        "notes": "Auto-generated from ready_railways_from_afonina.csv"
      }
    },
    {
      "type": "Feature",
      "geometry": {
        "type": "LineString",
        "coordinates": [
          [
            58.0047837,
            56.1798837
          ],
          [
            58.0784571,
            54.653984
          ]
        ]
      },
      "properties": {
        "segment_id": "SEG_AUTO_000408",
        "from_station_id": "RU.STN.Perm-2",
        "to_station_id": "RU.STN.Vereshchagino",
        "geometry_source": "auto_combined_csv",
        "geometry_quality": "historic_approx",
        "is_current": null,
        "notes": "Auto-generated from ready_railways_from_afonina.csv"
      }
    },
    {
      "type": "Feature",
      "geometry": {
        "type": "LineString",
        "coordinates": [
          [
            47.263004,
            38.8838718
          ],
          [
            47.2176332,
            39.6907722
          ]
        ]
      },
      "properties": {
        "segment_id": "SEG_AUTO_000409",
        "from_station_id": "RU.STN.Martsevo-1",
        "to_station_id": "RU.STN.Rostov-Glavnyy",
        "geometry_source": "auto_combined_csv",
        "geometry_quality": "historic_approx",
        "is_current": null,
        "notes": "Auto-generated from ready_railways_from_afonina.csv"
      }
    },
    {
      "type": "Feature",
      "geometry": {
        "type": "LineString",
        "coordinates": [
          [
            54.7638475,
            83.1138761
          ],
          [
            54.229656,
            83.3778356
          ]
        ]
      },
      "properties": {
        "segment_id": "SEG_AUTO_000410",
        "from_station_id": "RU.STN.Berdsk-1",
        "to_station_id": "RU.STN.Cherepanovo-1",
        "geometry_source": "auto_combined_csv",
        "geometry_quality": "historic_approx",
        "is_current": null,
        "notes": "Auto-generated from ready_railways_from_afonina.csv"
      }
    },
    {
      "type": "Feature",
      "geometry": {
        "type": "LineString",
        "coordinates": [
          [
            56.3213788,
            43.9433976
          ],
          [
            57.671724,
            46.6179471
          ]
        ]
      },
      "properties": {
        "segment_id": "SEG_AUTO_000411",
        "from_station_id": "RU.STN.Nizhniy_Novgorod-Moskovskiy",
        "to_station_id": "RU.STN.Shakhunya",
        "geometry_source": "auto_combined_csv",
        "geometry_quality": "historic_approx",
        "is_current": null,
        "notes": "Auto-generated from ready_railways_from_afonina.csv"
      }
    },
    {
      "type": "Feature",
      "geometry": {
        "type": "LineString",
        "coordinates": [
          [
            43.1111519,
            131.8820138
          ],
          [
            43.3692798,
            131.9920138
          ]
        ]
      },
      "properties": {
        "segment_id": "SEG_AUTO_000412",
        "from_station_id": "RU.STN.Vladivostok",
        "to_station_id": "RU.STN.Nadezhdinskaya",
        "geometry_source": "auto_combined_csv",
        "geometry_quality": "historic_approx",
        "is_current": null,
        "notes": "Auto-generated from ready_railways_from_afonina.csv"
      }
    },
    {
      "type": "Feature",
      "geometry": {
        "type": "LineString",
        "coordinates": [
          [
            57.2480796,
            47.8234426
          ],
          [
            46.5737479,
            30.7726631
          ]
        ]
      },
      "properties": {
        "segment_id": "SEG_AUTO_000413",
        "from_station_id": "RU.STN.Znamenka",
        "to_station_id": "UA.STN.Shevchenko",
        "geometry_source": "auto_combined_csv",
        "geometry_quality": "historic_approx",
        "is_current": null,
        "notes": "Auto-generated from ready_railways_from_afonina.csv"
      }
    },
    {
      "type": "Feature",
      "geometry": {
        "type": "LineString",
        "coordinates": [
          [
            57.625402,
            39.8349726
          ],
          [
            58.1866522,
            40.1859078
          ]
        ]
      },
      "properties": {
        "segment_id": "SEG_AUTO_000414",
        "from_station_id": "RU.STN.Yaroslavl-Glavnyy",
        "to_station_id": "RU.STN.Danilov",
        "geometry_source": "auto_combined_csv",
        "geometry_quality": "historic_approx",
        "is_current": null,
        "notes": "Auto-generated from ready_railways_from_afonina.csv"
      }
    },
    {
      "type": "Feature",
      "geometry": {
        "type": "LineString",
        "coordinates": [
          [
            47.2176332,
            39.6907722
          ],
          [
            44.6307591,
            41.9636541
          ]
        ]
      },
      "properties": {
        "segment_id": "SEG_AUTO_000415",
        "from_station_id": "RU.STN.Rostov-Glavnyy",
        "to_station_id": "RU.STN.Nevinnomysskaya",
        "geometry_source": "auto_combined_csv",
        "geometry_quality": "historic_approx",
        "is_current": null,
        "notes": "Auto-generated from ready_railways_from_afonina.csv"
      }
    },
    {
      "type": "Feature",
      "geometry": {
        "type": "LineString",
        "coordinates": [
          [
            43.3692798,
            131.9920138
          ],
          [
            43.801559,
            131.9812104
          ]
        ]
      },
      "properties": {
        "segment_id": "SEG_AUTO_000416",
        "from_station_id": "RU.STN.Nadezhdinskaya",
        "to_station_id": "RU.STN.Ussuriysk",
        "geometry_source": "auto_combined_csv",
        "geometry_quality": "historic_approx",
        "is_current": null,
        "notes": "Auto-generated from ready_railways_from_afonina.csv"
      }
    },
    {
      "type": "Feature",
      "geometry": {
        "type": "LineString",
        "coordinates": [
          [
            53.3974053,
            49.5143661
          ],
          [
            53.1703222,
            48.4820255
          ]
        ]
      },
      "properties": {
        "segment_id": "SEG_AUTO_000417",
        "from_station_id": "RU.STN.Zhigulevsk",
        "to_station_id": "RU.STN.Syzran_I",
        "geometry_source": "auto_combined_csv",
        "geometry_quality": "historic_approx",
        "is_current": null,
        "notes": "Auto-generated from ready_railways_from_afonina.csv"
      }
    },
    {
      "type": "Feature",
      "geometry": {
        "type": "LineString",
        "coordinates": [
          [
            58.0047837,
            56.1798837
          ],
          [
            57.4233179,
            56.9983312
          ]
        ]
      },
      "properties": {
        "segment_id": "SEG_AUTO_000418",
        "from_station_id": "RU.STN.Perm-2",
        "to_station_id": "RU.STN.Kungur-1",
        "geometry_source": "auto_combined_csv",
        "geometry_quality": "historic_approx",
        "is_current": null,
        "notes": "Auto-generated from ready_railways_from_afonina.csv"
      }
    },
    {
      "type": "Feature",
      "geometry": {
        "type": "LineString",
        "coordinates": [
          [
            44.6307591,
            41.9636541
          ],
          [
            44.2139979,
            43.139972
          ]
        ]
      },
      "properties": {
        "segment_id": "SEG_AUTO_000419",
        "from_station_id": "RU.STN.Nevinnomysskaya",
        "to_station_id": "RU.STN.Mineralnye_Vody",
        "geometry_source": "auto_combined_csv",
        "geometry_quality": "historic_approx",
        "is_current": null,
        "notes": "Auto-generated from ready_railways_from_afonina.csv"
      }
    },
    {
      "type": "Feature",
      "geometry": {
        "type": "LineString",
        "coordinates": [
          [
            48.1561583,
            40.1916216
          ],
          [
            50.1838143,
            39.6025441
          ]
        ]
      },
      "properties": {
        "segment_id": "SEG_AUTO_000420",
        "from_station_id": "RU.STN.Likhaya",
        "to_station_id": "RU.STN.Rossosh",
        "geometry_source": "auto_combined_csv",
        "geometry_quality": "historic_approx",
        "is_current": null,
        "notes": "Auto-generated from ready_railways_from_afonina.csv"
      }
    },
    {
      "type": "Feature",
      "geometry": {
        "type": "LineString",
        "coordinates": [
          [
            53.7144947,
            91.4403305
          ],
          [
            55.9382132,
            98.0002267
          ]
        ]
      },
      "properties": {
        "segment_id": "SEG_AUTO_000421",
        "from_station_id": "RU.STN.Abakan",
        "to_station_id": "RU.STN.Tayshet",
        "geometry_source": "auto_combined_csv",
        "geometry_quality": "historic_approx",
        "is_current": null,
        "notes": "Auto-generated from ready_railways_from_afonina.csv"
      }
    },
    {
      "type": "Feature",
      "geometry": {
        "type": "LineString",
        "coordinates": [
          [
            53.9119088,
            74.9043843
          ],
          [
            53.6477817,
            72.3631303
          ]
        ]
      },
      "properties": {
        "segment_id": "SEG_AUTO_000422",
        "from_station_id": "RU.STN.Irtyshskoe",
        "to_station_id": "KZ.STN.Kzyl-Tu",
        "geometry_source": "auto_combined_csv",
        "geometry_quality": "historic_approx",
        "is_current": null,
        "notes": "Auto-generated from ready_railways_from_afonina.csv"
      }
    },
    {
      "type": "Feature",
      "geometry": {
        "type": "LineString",
        "coordinates": [
          [
            66.0753708,
            33.0590958
          ],
          [
            65.8089689,
            31.4741221
          ]
        ]
      },
      "properties": {
        "segment_id": "SEG_AUTO_000423",
        "from_station_id": "RU.STN.Loukhi",
        "to_station_id": "RU.STN.Sofporog",
        "geometry_source": "auto_combined_csv",
        "geometry_quality": "historic_approx",
        "is_current": null,
        "notes": "Auto-generated from ready_railways_from_afonina.csv"
      }
    },
    {
      "type": "Feature",
      "geometry": {
        "type": "LineString",
        "coordinates": [
          [
            60.6612785,
            60.5031059
          ],
          [
            61.4722406,
            64.0554481
          ]
        ]
      },
      "properties": {
        "segment_id": "SEG_AUTO_000424",
        "from_station_id": "RU.STN.Pershino",
        "to_station_id": "RU.STN.Konda",
        "geometry_source": "auto_combined_csv",
        "geometry_quality": "historic_approx",
        "is_current": null,
        "notes": "Auto-generated from ready_railways_from_afonina.csv"
      }
    },
    {
      "type": "Feature",
      "geometry": {
        "type": "LineString",
        "coordinates": [
          [
            45.89757,
            43.3393734
          ],
          [
            46.3277667,
            44.282545
          ]
        ]
      },
      "properties": {
        "segment_id": "SEG_AUTO_000425",
        "from_station_id": "RU.STN.Divnoe",
        "to_station_id": "RU.STN.Elista",
        "geometry_source": "auto_combined_csv",
        "geometry_quality": "historic_approx",
        "is_current": null,
        "notes": "Auto-generated from ready_railways_from_afonina.csv"
      }
    },
    {
      "type": "Feature",
      "geometry": {
        "type": "LineString",
        "coordinates": [
          [
            56.8685676,
            60.5778852
          ],
          [
            52.0154494,
            48.7938063
          ]
        ]
      },
      "properties": {
        "segment_id": "SEG_AUTO_000426",
        "from_station_id": "RU.STN.Zvezda",
        "to_station_id": "RU.STN.Pugachevsk",
        "geometry_source": "auto_combined_csv",
        "geometry_quality": "historic_approx",
        "is_current": null,
        "notes": "Auto-generated from ready_railways_from_afonina.csv"
      }
    },
    {
      "type": "Feature",
      "geometry": {
        "type": "LineString",
        "coordinates": [
          [
            53.2305475,
            50.6330253
          ],
          [
            52.9785218,
            49.4314015
          ]
        ]
      },
      "properties": {
        "segment_id": "SEG_AUTO_000427",
        "from_station_id": "RU.STN.Kinel",
        "to_station_id": "RU.STN.Bezenchuk",
        "geometry_source": "auto_combined_csv",
        "geometry_quality": "historic_approx",
        "is_current": null,
        "notes": "Auto-generated from ready_railways_from_afonina.csv"
      }
    },
    {
      "type": "Feature",
      "geometry": {
        "type": "LineString",
        "coordinates": [
          [
            64.5509604,
            40.5746796
          ],
          [
            64.0389914,
            44.0101644
          ]
        ]
      },
      "properties": {
        "segment_id": "SEG_AUTO_000428",
        "from_station_id": "RU.STN.Arkhangelsk-Gorod",
        "to_station_id": "RU.STN.Karpogory",
        "geometry_source": "auto_combined_csv",
        "geometry_quality": "historic_approx",
        "is_current": null,
        "notes": "Auto-generated from ready_railways_from_afonina.csv"
      }
    },
    {
      "type": "Feature",
      "geometry": {
        "type": "LineString",
        "coordinates": [
          [
            57.1456007,
            65.5221798
          ],
          [
            58.1966313,
            68.2340495
          ]
        ]
      },
      "properties": {
        "segment_id": "SEG_AUTO_000429",
        "from_station_id": "RU.STN.Tyumen",
        "to_station_id": "RU.STN.Tobolsk",
        "geometry_source": "auto_combined_csv",
        "geometry_quality": "historic_approx",
        "is_current": null,
        "notes": "Auto-generated from ready_railways_from_afonina.csv"
      }
    },
    {
      "type": "Feature",
      "geometry": {
        "type": "LineString",
        "coordinates": [
          [
            44.2927456,
            133.4133442
          ],
          [
            54.6254407,
            55.5936349
          ]
        ]
      },
      "properties": {
        "segment_id": "SEG_AUTO_000430",
        "from_station_id": "RU.STN.Varfolomeevka",
        "to_station_id": "RU.STN.Novomikhaylovka",
        "geometry_source": "auto_combined_csv",
        "geometry_quality": "historic_approx",
        "is_current": null,
        "notes": "Auto-generated from ready_railways_from_afonina.csv"
      }
    },
    {
      "type": "Feature",
      "geometry": {
        "type": "LineString",
        "coordinates": [
          [
            61.2904208,
            73.3233826
          ],
          [
            61.0022211,
            76.4579673
          ]
        ]
      },
      "properties": {
        "segment_id": "SEG_AUTO_000431",
        "from_station_id": "RU.STN.Surgut",
        "to_station_id": "RU.STN.Nizhnevartovsk-II",
        "geometry_source": "auto_combined_csv",
        "geometry_quality": "historic_approx",
        "is_current": null,
        "notes": "Auto-generated from ready_railways_from_afonina.csv"
      }
    },
    {
      "type": "Feature",
      "geometry": {
        "type": "LineString",
        "coordinates": [
          [
            55.1390105,
            124.7390019
          ],
          [
            56.5749463,
            124.7685509
          ]
        ]
      },
      "properties": {
        "segment_id": "SEG_AUTO_000432",
        "from_station_id": "RU.STN.Tynda-1",
        "to_station_id": "RU.STN.Berkakit",
        "geometry_source": "auto_combined_csv",
        "geometry_quality": "historic_approx",
        "is_current": null,
        "notes": "Auto-generated from ready_railways_from_afonina.csv"
      }
    },
    {
      "type": "Feature",
      "geometry": {
        "type": "LineString",
        "coordinates": [
          [
            48.4969513,
            135.0730118
          ],
          [
            49.0000955,
            132.4631028
          ]
        ]
      },
      "properties": {
        "segment_id": "SEG_AUTO_000433",
        "from_station_id": "RU.STN.Khabarovsk_I",
        "to_station_id": "RU.STN.Bira",
        "geometry_source": "auto_combined_csv",
        "geometry_quality": "historic_approx",
        "is_current": null,
        "notes": "Auto-generated from ready_railways_from_afonina.csv"
      }
    },
    {
      "type": "Feature",
      "geometry": {
        "type": "LineString",
        "coordinates": [
          [
            56.8369864,
            60.2207958
          ],
          [
            56.7133864,
            60.9476025
          ]
        ]
      },
      "properties": {
        "segment_id": "SEG_AUTO_000434",
        "from_station_id": "RU.STN.Reshety",
        "to_station_id": "RU.STN.Aramil",
        "geometry_source": "auto_combined_csv",
        "geometry_quality": "historic_approx",
        "is_current": null,
        "notes": "Auto-generated from ready_railways_from_afonina.csv"
      }
    },
    {
      "type": "Feature",
      "geometry": {
        "type": "LineString",
        "coordinates": [
          [
            65.3725214,
            58.0349852
          ],
          [
            66.0245036,
            57.5473904
          ]
        ]
      },
      "properties": {
        "segment_id": "SEG_AUTO_000435",
        "from_station_id": "RU.STN.Synya",
        "to_station_id": "RU.STN.Usinsk",
        "geometry_source": "auto_combined_csv",
        "geometry_quality": "historic_approx",
        "is_current": null,
        "notes": "Auto-generated from ready_railways_from_afonina.csv"
      }
    },
    {
      "type": "Feature",
      "geometry": {
        "type": "LineString",
        "coordinates": [
          [
            52.4463844,
            55.8125987
          ],
          [
            51.7765991,
            55.074565
          ]
        ]
      },
      "properties": {
        "segment_id": "SEG_AUTO_000436",
        "from_station_id": "RU.STN.Muraptalovo",
        "to_station_id": "RU.STN.Orenburg",
        "geometry_source": "auto_combined_csv",
        "geometry_quality": "historic_approx",
        "is_current": null,
        "notes": "Auto-generated from ready_railways_from_afonina.csv"
      }
    },
    {
      "type": "Feature",
      "geometry": {
        "type": "LineString",
        "coordinates": [
          [
            56.1218048,
            101.5450299
          ],
          [
            56.2251156,
            101.5888208
          ]
        ]
      },
      "properties": {
        "segment_id": "SEG_AUTO_000437",
        "from_station_id": "RU.STN.Bratsk",
        "to_station_id": "RU.STN.Galachinskiy",
        "geometry_source": "auto_combined_csv",
        "geometry_quality": "historic_approx",
        "is_current": null,
        "notes": "Auto-generated from ready_railways_from_afonina.csv"
      }
    },
    {
      "type": "Feature",
      "geometry": {
        "type": "LineString",
        "coordinates": [
          [
            56.8139473,
            59.3886085
          ],
          [
            56.5974969,
            57.7578716
          ]
        ]
      },
      "properties": {
        "segment_id": "SEG_AUTO_000438",
        "from_station_id": "RU.STN.Soldatka",
        "to_station_id": "RU.STN.Krasnoufimsk",
        "geometry_source": "auto_combined_csv",
        "geometry_quality": "historic_approx",
        "is_current": null,
        "notes": "Auto-generated from ready_railways_from_afonina.csv"
      }
    },
    {
      "type": "Feature",
      "geometry": {
        "type": "LineString",
        "coordinates": [
          [
            48.4969513,
            135.0730118
          ],
          [
            48.4260823,
            135.1282901
          ]
        ]
      },
      "properties": {
        "segment_id": "SEG_AUTO_000439",
        "from_station_id": "RU.STN.Khabarovsk_I",
        "to_station_id": "RU.STN.Khabarovsk_II",
        "geometry_source": "auto_combined_csv",
        "geometry_quality": "historic_approx",
        "is_current": null,
        "notes": "Auto-generated from ready_railways_from_afonina.csv"
      }
    },
    {
      "type": "Feature",
      "geometry": {
        "type": "LineString",
        "coordinates": [
          [
            56.7778663,
            62.0507133
          ],
          [
            57.1456007,
            65.5221798
          ]
        ]
      },
      "properties": {
        "segment_id": "SEG_AUTO_000440",
        "from_station_id": "RU.STN.Bogdanovich",
        "to_station_id": "RU.STN.Tyumen",
        "geometry_source": "auto_combined_csv",
        "geometry_quality": "historic_approx",
        "is_current": null,
        "notes": "Auto-generated from ready_railways_from_afonina.csv"
      }
    },
    {
      "type": "Feature",
      "geometry": {
        "type": "LineString",
        "coordinates": [
          [
            58.1866522,
            40.1859078
          ],
          [
            58.4259232,
            42.0206054
          ]
        ]
      },
      "properties": {
        "segment_id": "SEG_AUTO_000441",
        "from_station_id": "RU.STN.Danilov",
        "to_station_id": "RU.STN.Rossolovo",
        "geometry_source": "auto_combined_csv",
        "geometry_quality": "historic_approx",
        "is_current": null,
        "notes": "Auto-generated from ready_railways_from_afonina.csv"
      }
    },
    {
      "type": "Feature",
      "geometry": {
        "type": "LineString",
        "coordinates": [
          [
            51.8599915,
            50.3450968
          ],
          [
            52.0154494,
            48.7938063
          ]
        ]
      },
      "properties": {
        "segment_id": "SEG_AUTO_000442",
        "from_station_id": "RU.STN.Perelyub",
        "to_station_id": "RU.STN.Pugachevsk",
        "geometry_source": "auto_combined_csv",
        "geometry_quality": "historic_approx",
        "is_current": null,
        "notes": "Auto-generated from ready_railways_from_afonina.csv"
      }
    },
    {
      "type": "Feature",
      "geometry": {
        "type": "LineString",
        "coordinates": [
          [
            52.0813501,
            53.6438239
          ],
          [
            51.8599915,
            50.3450968
          ]
        ]
      },
      "properties": {
        "segment_id": "SEG_AUTO_000443",
        "from_station_id": "RU.STN.Novosergievskaya",
        "to_station_id": "RU.STN.Perelyub",
        "geometry_source": "auto_combined_csv",
        "geometry_quality": "historic_approx",
        "is_current": null,
        "notes": "Auto-generated from ready_railways_from_afonina.csv"
      }
    },
    {
      "type": "Feature",
      "geometry": {
        "type": "LineString",
        "coordinates": [
          [
            56.7674688,
            105.6469352
          ],
          [
            55.7677941,
            109.5583446
          ]
        ]
      },
      "properties": {
        "segment_id": "SEG_AUTO_000444",
        "from_station_id": "RU.STN.Ust-Kut",
        "to_station_id": "RU.STN.Nizhneangarsk",
        "geometry_source": "auto_combined_csv",
        "geometry_quality": "historic_approx",
        "is_current": null,
        "notes": "Auto-generated from ready_railways_from_afonina.csv"
      }
    },
    {
      "type": "Feature",
      "geometry": {
        "type": "LineString",
        "coordinates": [
          [
            49.0000955,
            132.4631028
          ],
          [
            49.4206023,
            130.0751166
          ]
        ]
      },
      "properties": {
        "segment_id": "SEG_AUTO_000445",
        "from_station_id": "RU.STN.Bira",
        "to_station_id": "RU.STN.Arkhara",
        "geometry_source": "auto_combined_csv",
        "geometry_quality": "historic_approx",
        "is_current": null,
        "notes": "Auto-generated from ready_railways_from_afonina.csv"
      }
    },
    {
      "type": "Feature",
      "geometry": {
        "type": "LineString",
        "coordinates": [
          [
            60.004053,
            30.4407662
          ],
          [
            59.9394341,
            30.5063852
          ]
        ]
      },
      "properties": {
        "segment_id": "SEG_AUTO_000446",
        "from_station_id": "RU.STN.Ruchi",
        "to_station_id": "RU.STN.Zanevskiy_Post",
        "geometry_source": "auto_combined_csv",
        "geometry_quality": "historic_approx",
        "is_current": null,
        "notes": "Auto-generated from ready_railways_from_afonina.csv"
      }
    },
    {
      "type": "Feature",
      "geometry": {
        "type": "LineString",
        "coordinates": [
          [
            43.3081494,
            45.6856994
          ],
          [
            43.2880307,
            45.6276147
          ]
        ]
      },
      "properties": {
        "segment_id": "SEG_AUTO_000447",
        "from_station_id": "RU.STN.Groznyy",
        "to_station_id": "RU.STN.Aldy",
        "geometry_source": "auto_combined_csv",
        "geometry_quality": "historic_approx",
        "is_current": null,
        "notes": "Auto-generated from ready_railways_from_afonina.csv"
      }
    },
    {
      "type": "Feature",
      "geometry": {
        "type": "LineString",
        "coordinates": [
          [
            51.2136536,
            58.6193909
          ],
          [
            51.7765991,
            55.074565
          ]
        ]
      },
      "properties": {
        "segment_id": "SEG_AUTO_000448",
        "from_station_id": "RU.STN.Orsk",
        "to_station_id": "RU.STN.Orenburg",
        "geometry_source": "auto_combined_csv",
        "geometry_quality": "historic_approx",
        "is_current": null,
        "notes": "Auto-generated from ready_railways_from_afonina.csv"
      }
    },
    {
      "type": "Feature",
      "geometry": {
        "type": "LineString",
        "coordinates": [
          [
            59.9394341,
            30.5063852
          ],
          [
            59.7676446,
            30.9458199
          ]
        ]
      },
      "properties": {
        "segment_id": "SEG_AUTO_000449",
        "from_station_id": "RU.STN.Zanevskiy_Post",
        "to_station_id": "RU.STN.Gory",
        "geometry_source": "auto_combined_csv",
        "geometry_quality": "historic_approx",
        "is_current": null,
        "notes": "Auto-generated from ready_railways_from_afonina.csv"
      }
    },
    {
      "type": "Feature",
      "geometry": {
        "type": "LineString",
        "coordinates": [
          [
            45.4355018,
            40.571189
          ],
          [
            45.4558055,
            40.6801906
          ]
        ]
      },
      "properties": {
        "segment_id": "SEG_AUTO_000450",
        "from_station_id": "RU.STN.Kavkazskaya",
        "to_station_id": "RU.STN.Getmanovskaya",
        "geometry_source": "auto_combined_csv",
        "geometry_quality": "historic_approx",
        "is_current": null,
        "notes": "Auto-generated from ready_railways_from_afonina.csv"
      }
    },
    {
      "type": "Feature",
      "geometry": {
        "type": "LineString",
        "coordinates": [
          [
            52.1603846,
            46.9673751
          ],
          [
            52.0154494,
            48.7938063
          ]
        ]
      },
      "properties": {
        "segment_id": "SEG_AUTO_000451",
        "from_station_id": "RU.STN.Sennaya",
        "to_station_id": "RU.STN.Pugachevsk",
        "geometry_source": "auto_combined_csv",
        "geometry_quality": "historic_approx",
        "is_current": null,
        "notes": "Auto-generated from ready_railways_from_afonina.csv"
      }
    },
    {
      "type": "Feature",
      "geometry": {
        "type": "LineString",
        "coordinates": [
          [
            56.2720121,
            54.9286149
          ],
          [
            56.5252861,
            53.0125785
          ]
        ]
      },
      "properties": {
        "segment_id": "SEG_AUTO_000452",
        "from_station_id": "RU.STN.Yanaul",
        "to_station_id": "RU.STN.Agryz",
        "geometry_source": "auto_combined_csv",
        "geometry_quality": "historic_approx",
        "is_current": null,
        "notes": "Auto-generated from ready_railways_from_afonina.csv"
      }
    },
    {
      "type": "Feature",
      "geometry": {
        "type": "LineString",
        "coordinates": [
          [
            49.4206023,
            130.0751166
          ],
          [
            50.1172327,
            129.4508014
          ]
        ]
      },
      "properties": {
        "segment_id": "SEG_AUTO_000453",
        "from_station_id": "RU.STN.Arkhara",
        "to_station_id": "RU.STN.Zavitaya",
        "geometry_source": "auto_combined_csv",
        "geometry_quality": "historic_approx",
        "is_current": null,
        "notes": "Auto-generated from ready_railways_from_afonina.csv"
      }
    },
    {
      "type": "Feature",
      "geometry": {
        "type": "LineString",
        "coordinates": [
          [
            53.9069359,
            86.746445
          ],
          [
            55.4207031,
            86.0843196
          ]
        ]
      },
      "properties": {
        "segment_id": "SEG_AUTO_000454",
        "from_station_id": "RU.STN.Prokopevsk",
        "to_station_id": "RU.STN.Shakhter",
        "geometry_source": "auto_combined_csv",
        "geometry_quality": "historic_approx",
        "is_current": null,
        "notes": "Auto-generated from ready_railways_from_afonina.csv"
      }
    },
    {
      "type": "Feature",
      "geometry": {
        "type": "LineString",
        "coordinates": [
          [
            57.1018306,
            65.6400877
          ],
          [
            56.4741481,
            67.3062882
          ]
        ]
      },
      "properties": {
        "segment_id": "SEG_AUTO_000455",
        "from_station_id": "RU.STN.Voynovka-1",
        "to_station_id": "RU.STN.Vagay-1",
        "geometry_source": "auto_combined_csv",
        "geometry_quality": "historic_approx",
        "is_current": null,
        "notes": "Auto-generated from ready_railways_from_afonina.csv"
      }
    },
    {
      "type": "Feature",
      "geometry": {
        "type": "LineString",
        "coordinates": [
          [
            57.4620433,
            40.5484732
          ],
          [
            57.7589328,
            40.9799106
          ]
        ]
      },
      "properties": {
        "segment_id": "SEG_AUTO_000456",
        "from_station_id": "RU.STN.Nerekhta",
        "to_station_id": "RU.STN.Kostroma-Novaya",
        "geometry_source": "auto_combined_csv",
        "geometry_quality": "historic_approx",
        "is_current": null,
        "notes": "Auto-generated from ready_railways_from_afonina.csv"
      }
    },
    {
      "type": "Feature",
      "geometry": {
        "type": "LineString",
        "coordinates": [
          [
            55.1390105,
            124.7390019
          ],
          [
            55.1310797,
            126.7874508
          ]
        ]
      },
      "properties": {
        "segment_id": "SEG_AUTO_000457",
        "from_station_id": "RU.STN.Tynda-1",
        "to_station_id": "RU.STN.Dipkun",
        "geometry_source": "auto_combined_csv",
        "geometry_quality": "historic_approx",
        "is_current": null,
        "notes": "Auto-generated from ready_railways_from_afonina.csv"
      }
    },
    {
      "type": "Feature",
      "geometry": {
        "type": "LineString",
        "coordinates": [
          [
            55.1390105,
            124.7390019
          ],
          [
            55.4999915,
            123.1171791
          ]
        ]
      },
      "properties": {
        "segment_id": "SEG_AUTO_000458",
        "from_station_id": "RU.STN.Tynda-1",
        "to_station_id": "RU.STN.Larba",
        "geometry_source": "auto_combined_csv",
        "geometry_quality": "historic_approx",
        "is_current": null,
        "notes": "Auto-generated from ready_railways_from_afonina.csv"
      }
    },
    {
      "type": "Feature",
      "geometry": {
        "type": "LineString",
        "coordinates": [
          [
            56.5252861,
            53.0125785
          ],
          [
            56.282682,
            51.5104462
          ]
        ]
      },
      "properties": {
        "segment_id": "SEG_AUTO_000459",
        "from_station_id": "RU.STN.Agryz",
        "to_station_id": "RU.STN.Kizner",
        "geometry_source": "auto_combined_csv",
        "geometry_quality": "historic_approx",
        "is_current": null,
        "notes": "Auto-generated from ready_railways_from_afonina.csv"
      }
    },
    {
      "type": "Feature",
      "geometry": {
        "type": "LineString",
        "coordinates": [
          [
            49.4230594,
            40.4162497
          ],
          [
            47.6679143,
            38.0634121
          ]
        ]
      },
      "properties": {
        "segment_id": "SEG_AUTO_000460",
        "from_station_id": "RU.STN.Kuteynikovo",
        "to_station_id": "UA.STN.Karakuba",
        "geometry_source": "auto_combined_csv",
        "geometry_quality": "historic_approx",
        "is_current": null,
        "notes": "Auto-generated from ready_railways_from_afonina.csv"
      }
    },
    {
      "type": "Feature",
      "geometry": {
        "type": "LineString",
        "coordinates": [
          [
            52.9399513,
            61.3784202
          ],
          [
            55.5329923,
            86.166082
          ]
        ]
      },
      "properties": {
        "segment_id": "SEG_AUTO_000461",
        "from_station_id": "KZ.STN.55_km",
        "to_station_id": "RU.STN.Latyshi",
        "geometry_source": "auto_combined_csv",
        "geometry_quality": "historic_approx",
        "is_current": null,
        "notes": "Auto-generated from ready_railways_from_afonina.csv"
      }
    },
    {
      "type": "Feature",
      "geometry": {
        "type": "LineString",
        "coordinates": [
          [
            56.4741481,
            67.3062882
          ],
          [
            56.111977,
            69.5121312
          ]
        ]
      },
      "properties": {
        "segment_id": "SEG_AUTO_000462",
        "from_station_id": "RU.STN.Vagay-1",
        "to_station_id": "RU.STN.Ishim-1",
        "geometry_source": "auto_combined_csv",
        "geometry_quality": "historic_approx",
        "is_current": null,
        "notes": "Auto-generated from ready_railways_from_afonina.csv"
      }
    },
    {
      "type": "Feature",
      "geometry": {
        "type": "LineString",
        "coordinates": [
          [
            56.111977,
            69.5121312
          ],
          [
            55.567688,
            71.355935
          ]
        ]
      },
      "properties": {
        "segment_id": "SEG_AUTO_000463",
        "from_station_id": "RU.STN.Ishim-1",
        "to_station_id": "RU.STN.Nazyvaevskaya",
        "geometry_source": "auto_combined_csv",
        "geometry_quality": "historic_approx",
        "is_current": null,
        "notes": "Auto-generated from ready_railways_from_afonina.csv"
      }
    },
    {
      "type": "Feature",
      "geometry": {
        "type": "LineString",
        "coordinates": [
          [
            56.2482307,
            97.2784531
          ],
          [
            43.1951528,
            44.5423846
          ]
        ]
      },
      "properties": {
        "segment_id": "SEG_AUTO_000464",
        "from_station_id": "RU.STN.Prokhladnaya",
        "to_station_id": "RU.STN.Beslan",
        "geometry_source": "auto_combined_csv",
        "geometry_quality": "historic_approx",
        "is_current": null,
        "notes": "Auto-generated from ready_railways_from_afonina.csv"
      }
    },
    {
      "type": "Feature",
      "geometry": {
        "type": "LineString",
        "coordinates": [
          [
            59.7551683,
            31.0615388
          ],
          [
            59.5445273,
            30.8819136
          ]
        ]
      },
      "properties": {
        "segment_id": "SEG_AUTO_000465",
        "from_station_id": "RU.STN.Mga",
        "to_station_id": "RU.STN.Tosno",
        "geometry_source": "auto_combined_csv",
        "geometry_quality": "historic_approx",
        "is_current": null,
        "notes": "Auto-generated from ready_railways_from_afonina.csv"
      }
    },
    {
      "type": "Feature",
      "geometry": {
        "type": "LineString",
        "coordinates": [
          [
            59.7551683,
            31.0615388
          ],
          [
            59.5445273,
            30.8819136
          ]
        ]
      },
      "properties": {
        "segment_id": "SEG_AUTO_000466",
        "from_station_id": "RU.STN.Mga",
        "to_station_id": "RU.STN.Tosno",
        "geometry_source": "auto_combined_csv",
        "geometry_quality": "historic_approx",
        "is_current": null,
        "notes": "Auto-generated from ready_railways_from_afonina.csv"
      }
    },
    {
      "type": "Feature",
      "geometry": {
        "type": "LineString",
        "coordinates": [
          [
            56.076326,
            86.0480283
          ],
          [
            55.7401196,
            86.2771867
          ]
        ]
      },
      "properties": {
        "segment_id": "SEG_AUTO_000467",
        "from_station_id": "RU.STN.Anzherskaya-1",
        "to_station_id": "RU.STN.Barzas-1",
        "geometry_source": "auto_combined_csv",
        "geometry_quality": "historic_approx",
        "is_current": null,
        "notes": "Auto-generated from ready_railways_from_afonina.csv"
      }
    },
    {
      "type": "Feature",
      "geometry": {
        "type": "LineString",
        "coordinates": [
          [
            55.7522395,
            108.6711722
          ],
          [
            55.7677941,
            109.5583446
          ]
        ]
      },
      "properties": {
        "segment_id": "SEG_AUTO_000468",
        "from_station_id": "RU.STN.Delbichinda",
        "to_station_id": "RU.STN.Nizhneangarsk",
        "geometry_source": "auto_combined_csv",
        "geometry_quality": "historic_approx",
        "is_current": null,
        "notes": "Auto-generated from ready_railways_from_afonina.csv"
      }
    },
    {
      "type": "Feature",
      "geometry": {
        "type": "LineString",
        "coordinates": [
          [
            51.6498463,
            45.7631459
          ],
          [
            51.7112879,
            46.0718993
          ]
        ]
      },
      "properties": {
        "segment_id": "SEG_AUTO_000469",
        "from_station_id": "RU.STN.Kurdyum",
        "to_station_id": "RU.STN.Lipovskiy",
        "geometry_source": "auto_combined_csv",
        "geometry_quality": "historic_approx",
        "is_current": null,
        "notes": "Auto-generated from ready_railways_from_afonina.csv"
      }
    },
    {
      "type": "Feature",
      "geometry": {
        "type": "LineString",
        "coordinates": [
          [
            66.0753708,
            33.0590958
          ],
          [
            64.955316,
            34.5699302
          ]
        ]
      },
      "properties": {
        "segment_id": "SEG_AUTO_000470",
        "from_station_id": "RU.STN.Loukhi",
        "to_station_id": "RU.STN.Kem",
        "geometry_source": "auto_combined_csv",
        "geometry_quality": "historic_approx",
        "is_current": null,
        "notes": "Auto-generated from ready_railways_from_afonina.csv"
      }
    },
    {
      "type": "Feature",
      "geometry": {
        "type": "LineString",
        "coordinates": [
          [
            51.8732465,
            45.0673726
          ],
          [
            51.6697742,
            45.5951316
          ]
        ]
      },
      "properties": {
        "segment_id": "SEG_AUTO_000471",
        "from_station_id": "RU.STN.Krasavka",
        "to_station_id": "RU.STN.Tatishchevo",
        "geometry_source": "auto_combined_csv",
        "geometry_quality": "historic_approx",
        "is_current": null,
        "notes": "Auto-generated from ready_railways_from_afonina.csv"
      }
    },
    {
      "type": "Feature",
      "geometry": {
        "type": "LineString",
        "coordinates": [
          [
            45.2334961,
            38.1452966
          ],
          [
            44.9124533,
            38.0039441
          ]
        ]
      },
      "properties": {
        "segment_id": "SEG_AUTO_000472",
        "from_station_id": "RU.STN.Protoka",
        "to_station_id": "RU.STN.Krymskaya",
        "geometry_source": "auto_combined_csv",
        "geometry_quality": "historic_approx",
        "is_current": null,
        "notes": "Auto-generated from ready_railways_from_afonina.csv"
      }
    },
    {
      "type": "Feature",
      "geometry": {
        "type": "LineString",
        "coordinates": [
          [
            46.1707218,
            41.0758731
          ],
          [
            45.4421377,
            41.5287379
          ]
        ]
      },
      "properties": {
        "segment_id": "SEG_AUTO_000473",
        "from_station_id": "RU.STN.Peschanokopskaya",
        "to_station_id": "RU.STN.Peredovaya",
        "geometry_source": "auto_combined_csv",
        "geometry_quality": "historic_approx",
        "is_current": null,
        "notes": "Auto-generated from ready_railways_from_afonina.csv"
      }
    }
  ],
  "_comment_properties": "LineString properties: segment_id (string), from_station_id (string), to_station_id (string), geometry_source (string), geometry_quality (string: e.g. modern_exact, historic_approx), is_current (boolean), notes (string)"
}